id,name,is_subtechnique,tactics,platforms,description
T1001,Data Obfuscation,False,command-and-control,ESXi|Linux|macOS|Windows,Adversaries may obfuscate command and control traffic to make it more difficult to detect.(Citation: Bitdefender FunnyDream Campaign November 2020) Command and control (C2) communications are hidden (but not necessarily encrypted) in an attempt to make the content more difficult 
T1001.001,Junk Data,True,command-and-control,ESXi|Linux|macOS|Windows,"Adversaries may add junk data to protocols used for command and control to make detection more difficult.(Citation: FireEye SUNBURST Backdoor December 2020) By adding random or meaningless data to the protocols used for command and control, adversaries can prevent trivial methods"
T1001.002,Steganography,True,command-and-control,Linux|macOS|Windows|ESXi,Adversaries may use steganographic techniques to hide command and control traffic to make detection efforts more difficult. Steganographic techniques can be used to hide data in digital messages that are transferred between systems. This hidden information can be used for command
T1001.003,Protocol or Service Impersonation,True,command-and-control,ESXi|Linux|macOS|Windows,"Adversaries may impersonate legitimate protocols or web service traffic to disguise command and control activity and thwart analysis efforts. By impersonating legitimate protocols or web services, adversaries can make their command and control traffic blend in with legitimate net"
T1003,OS Credential Dumping,False,credential-access,Linux|macOS|Windows,"Adversaries may attempt to dump credentials to obtain account login and credential material, normally in the form of a hash or a clear text password. Credentials can be obtained from OS caches, memory, or structures.(Citation: Brining MimiKatz to Unix) Credentials can then be use"
T1003.001,LSASS Memory,True,credential-access,Windows,"Adversaries may attempt to access credential material stored in the process memory of the Local Security Authority Subsystem Service (LSASS). After a user logs on, the system generates and stores a variety of credential materials in LSASS process memory. These credential material"
T1003.002,Security Account Manager,True,credential-access,Windows,"Adversaries may attempt to extract credential material from the Security Account Manager (SAM) database either through in-memory techniques or through the Windows Registry where the SAM database is stored. The SAM is a database file that contains local accounts for the host, typi"
T1003.003,NTDS,True,credential-access,Windows,"Adversaries may attempt to access or create a copy of the Active Directory domain database in order to steal credential information, as well as obtain other information about domain members such as devices, users, and access rights. By default, the NTDS file (NTDS.dit) is located"
T1003.004,LSA Secrets,True,credential-access,Windows,"Adversaries with SYSTEM access to a host may attempt to access Local Security Authority (LSA) secrets, which can contain a variety of different credential materials, such as credentials for service accounts.(Citation: Passcape LSA Secrets)(Citation: Microsoft AD Admin Tier Model)"
T1003.005,Cached Domain Credentials,True,credential-access,Windows|Linux,Adversaries may attempt to access cached domain credentials used to allow authentication to occur in the event a domain controller is unavailable.(Citation: Microsoft - Cached Creds)
T1003.006,DCSync,True,credential-access,Windows,Adversaries may attempt to access credentials and other sensitive information by abusing a Windows Domain Controller's application programming interface (API)(Citation: Microsoft DRSR Dec 2017) (Citation: Microsoft GetNCCChanges) (Citation: Samba DRSUAPI) (Citation: Wine API saml
T1003.007,Proc Filesystem,True,credential-access,Linux,"Adversaries may gather credentials from the proc filesystem or `/proc`. The proc filesystem is a pseudo-filesystem used as an interface to kernel data structures for Linux based systems managing virtual memory. For each process, the `/proc/<PID>/maps` file shows how memory is map"
T1003.008,/etc/passwd and /etc/shadow,True,credential-access,Linux,Adversaries may attempt to dump the contents of <code>/etc/passwd</code> and <code>/etc/shadow</code> to enable offline password cracking. Most modern Linux operating systems use a combination of <code>/etc/passwd</code> and <code>/etc/shadow</code> to store user account informat
T1005,Data from Local System,False,collection,ESXi|Linux|macOS|Network Devices|Windows,"Adversaries may search local system sources, such as file systems, configuration files, local databases, virtual machine files, or process memory, to find files of interest and sensitive data prior to Exfiltration."
T1006,Direct Volume Access,False,stealth,Network Devices|Windows,Adversaries may directly access a volume to bypass file access controls and file system monitoring. Windows allows programs to have direct access to logical volumes. Programs with direct access may read and write files directly from the drive by analyzing file system data structu
T1007,System Service Discovery,False,discovery,Linux|macOS|Windows,"Adversaries may try to gather information about registered local system services. Adversaries may obtain information about services using tools as well as OS utility commands such as <code>sc query</code>, <code>tasklist /svc</code>, <code>systemctl --type=service</code>, and <co"
T1008,Fallback Channels,False,command-and-control,ESXi|Linux|macOS|Windows,Adversaries may use fallback or alternate communication channels if the primary channel is compromised or inaccessible in order to maintain reliable command and control and to avoid data transfer thresholds.
T1010,Application Window Discovery,False,discovery,Linux|macOS|Windows,"Adversaries may attempt to get a listing of open application windows. Window listings could convey information about how the system is used.(Citation: Prevailion DarkWatchman 2021) For example, information about application windows could be used identify potential data to collect"
T1011,Exfiltration Over Other Network Medium,False,exfiltration,Linux|macOS|Windows,"Adversaries may attempt to exfiltrate data over a different network medium than the command and control channel. If the command and control network is a wired Internet connection, the exfiltration may occur, for example, over a WiFi connection, modem, cellular data connection, Bl"
T1011.001,Exfiltration Over Bluetooth,True,exfiltration,Linux|macOS|Windows,"Adversaries may attempt to exfiltrate data over Bluetooth rather than the command and control channel. If the command and control network is a wired Internet connection, an adversary may opt to exfiltrate data using a Bluetooth communication channel."
T1012,Query Registry,False,discovery,Windows,"Adversaries may interact with the Windows Registry to gather information about the system, configuration, and installed software."
T1014,Rootkit,False,stealth,Linux|macOS|Windows,"Adversaries may use rootkits to hide the presence of programs, files, network connections, services, drivers, and other system components. Rootkits are programs that hide the existence of malware by intercepting/hooking and modifying operating system API calls that supply system "
T1016,System Network Configuration Discovery,False,discovery,ESXi|Linux|macOS|Network Devices|Windows,"Adversaries may look for details about the network configuration and settings, such as IP and/or MAC addresses, of systems they access or through information discovery of remote systems. Several operating system administration utilities exist that can be used to gather this infor"
T1016.001,Internet Connection Discovery,True,discovery,Windows|Linux|macOS|ESXi,"Adversaries may check for Internet connectivity on compromised systems. This may be performed during automated discovery and can be accomplished in numerous ways such as using [Ping](https://attack.mitre.org/software/S0097), <code>tracert</code>, and GET requests to websites, or "
T1016.002,Wi-Fi Discovery,True,discovery,Linux|Windows|macOS,"Adversaries may search for information about Wi-Fi networks, such as network names and passwords, on compromised systems. Adversaries may use Wi-Fi information as part of [Account Discovery](https://attack.mitre.org/techniques/T1087), [Remote System Discovery](https://attack.mitr"
T1018,Remote System Discovery,False,discovery,ESXi|Linux|macOS|Network Devices|Windows,"Adversaries may attempt to get a listing of other systems by IP address, hostname, or other logical identifier on a network that may be used for Lateral Movement from the current system. Functionality could exist within remote access tools to enable this, but utilities available "
T1020,Automated Exfiltration,False,exfiltration,Linux|macOS|Network Devices|Windows,"Adversaries may exfiltrate data, such as sensitive documents, through the use of automated processing after being gathered during Collection.(Citation: ESET Gamaredon June 2020) "
T1020.001,Traffic Duplication,True,exfiltration,Network Devices|IaaS,"Adversaries may leverage traffic mirroring in order to automate data exfiltration over compromised infrastructure. Traffic mirroring is a native feature for some devices, often used for network analysis. For example, devices may be configured to forward network traffic to one or "
T1021,Remote Services,False,lateral-movement,Linux|macOS|Windows|IaaS|ESXi,"Adversaries may use [Valid Accounts](https://attack.mitre.org/techniques/T1078) to log into a service that accepts remote connections, such as telnet, SSH, and VNC. The adversary may then perform actions as the logged-on user."
T1021.001,Remote Desktop Protocol,True,lateral-movement,Windows,Adversaries may use [Valid Accounts](https://attack.mitre.org/techniques/T1078) to log into a computer using the Remote Desktop Protocol (RDP). The adversary may then perform actions as the logged-on user.
T1021.002,SMB/Windows Admin Shares,True,lateral-movement,Windows,Adversaries may use [Valid Accounts](https://attack.mitre.org/techniques/T1078) to interact with a remote network share using Server Message Block (SMB). The adversary may then perform actions as the logged-on user.
T1021.003,Distributed Component Object Model,True,lateral-movement,Windows,Adversaries may use [Valid Accounts](https://attack.mitre.org/techniques/T1078) to interact with remote machines by taking advantage of Distributed Component Object Model (DCOM). The adversary may then perform actions as the logged-on user.
T1021.004,SSH,True,lateral-movement,ESXi|Linux|macOS,Adversaries may use [Valid Accounts](https://attack.mitre.org/techniques/T1078) to log into remote machines using Secure Shell (SSH). The adversary may then perform actions as the logged-on user.
T1021.005,VNC,True,lateral-movement,Linux|Windows|macOS,Adversaries may use [Valid Accounts](https://attack.mitre.org/techniques/T1078) to remotely control machines using Virtual Network Computing (VNC).  VNC is a platform-independent desktop sharing system that uses the RFB (“remote framebuffer”) protocol to enable users to remotely 
T1021.006,Windows Remote Management,True,lateral-movement,Windows,Adversaries may use [Valid Accounts](https://attack.mitre.org/techniques/T1078) to interact with remote systems using Windows Remote Management (WinRM). The adversary may then perform actions as the logged-on user.
T1021.007,Cloud Services,True,lateral-movement,IaaS|Identity Provider|Office Suite|SaaS,Adversaries may log into accessible cloud services within a compromised environment using [Valid Accounts](https://attack.mitre.org/techniques/T1078) that are synchronized with or federated to on-premises user identities. The adversary may then perform management actions or acces
T1021.008,Direct Cloud VM Connections,True,lateral-movement,IaaS,Adversaries may leverage [Valid Accounts](https://attack.mitre.org/techniques/T1078) to log directly into accessible cloud hosted compute infrastructure through cloud native methods. Many cloud providers offer interactive connections to virtual infrastructure that can be accessed
T1025,Data from Removable Media,False,collection,Linux|macOS|Windows,"Adversaries may search connected removable media on computers they have compromised to find files of interest. Sensitive data can be collected from any removable media (optical disk drive, USB memory, etc.) connected to the compromised system prior to Exfiltration. Interactive co"
T1027,Obfuscated Files or Information,False,stealth,ESXi|Linux|macOS|Network Devices|Windows,"Adversaries may attempt to make an executable or file difficult to discover or analyze by encrypting, encoding, or otherwise obfuscating its contents on the system or in transit. This is common behavior that can be used across different platforms and the network to evade defenses"
T1027.001,Binary Padding,True,stealth,Linux|macOS|Windows,"Adversaries may use binary padding to add junk data and change the on-disk representation of malware. This can be done without affecting the functionality or behavior of a binary, but can increase the size of the binary beyond what some security tools are capable of handling due "
T1027.002,Software Packing,True,stealth,Linux|macOS|Windows,Adversaries may perform software packing or virtual machine software protection to conceal their code. Software packing is a method of compressing or encrypting an executable. Packing an executable changes the file signature in an attempt to avoid signature-based detection. Most 
T1027.003,Steganography,True,stealth,Linux|macOS|Windows,"Adversaries may use steganography techniques in order to prevent the detection of hidden information. Steganographic techniques can be used to hide data in digital media such as images, audio tracks, video clips, or text files."
T1027.004,Compile After Delivery,True,stealth,Linux|macOS|Windows,Adversaries may attempt to make payloads difficult to discover and analyze by delivering files to victims as uncompiled code. Text-based source code files may subvert analysis and scrutiny from protections targeting executables/binaries. These payloads will need to be compiled be
T1027.005,Indicator Removal from Tools,True,stealth,Linux|macOS|Windows,"Adversaries may remove indicators from tools if they believe their malicious tool was detected, quarantined, or otherwise curtailed. They can modify the tool by removing the indicator and using the updated version that is no longer detected by the target's defensive systems or su"
T1027.006,HTML Smuggling,True,stealth,Linux|macOS|Windows,Adversaries may smuggle data and files past content filters by hiding malicious payloads inside of seemingly benign HTML files. HTML documents can store large binary objects known as JavaScript Blobs (immutable data that represents raw bytes) that can later be constructed into fi
T1027.007,Dynamic API Resolution,True,stealth,Windows,Adversaries may obfuscate then dynamically resolve API functions called by their malware in order to conceal malicious functionalities and impair defensive analysis. Malware commonly uses various [Native API](https://attack.mitre.org/techniques/T1106) functions provided by the OS
T1027.008,Stripped Payloads,True,stealth,Linux|macOS|Network Devices|Windows,"Adversaries may attempt to make a payload difficult to analyze by removing symbols, strings, and other human readable information. Scripts and executables may contain variables names and other strings that help developers document code functionality. Symbols are often created by "
T1027.009,Embedded Payloads,True,stealth,Linux|macOS|Windows,"Adversaries may embed payloads within other files to conceal malicious content from defenses. Otherwise seemingly benign files (such as scripts and executables) may be abused to carry and obfuscate malicious payloads and content. In some cases, embedded payloads may also enable a"
T1027.010,Command Obfuscation,True,stealth,Linux|macOS|Windows,Adversaries may obfuscate content during command execution to impede detection. Command-line obfuscation is a method of making strings and patterns within commands and scripts more difficult to signature and analyze. This type of obfuscation can be included within commands execut
T1027.011,Fileless Storage,True,stealth,Linux|Windows,"Adversaries may store data in ""fileless"" formats to conceal malicious activity from defenses. Fileless storage can be broadly defined as any format other than a file. Common examples of non-volatile fileless storage in Windows systems include the Windows Registry, event logs, or "
T1027.012,LNK Icon Smuggling,True,stealth,Windows,"Adversaries may smuggle commands to download malicious payloads past content filters by hiding them within otherwise seemingly benign windows shortcut files. Windows shortcut files (.LNK) include many metadata fields, including an icon location field (also known as the `IconEnvir"
T1027.013,Encrypted/Encoded File,True,stealth,Linux|macOS|Windows,"Adversaries may encrypt or encode files to obfuscate strings, bytes, and other specific patterns to impede detection. Encrypting and/or encoding file content aims to conceal malicious artifacts within a file used in an intrusion. Many other techniques, such as [Software Packing]("
T1027.014,Polymorphic Code,True,stealth,Linux|macOS|Windows,"Adversaries may utilize polymorphic code (also known as metamorphic or mutating code) to evade detection. Polymorphic code is a type of software capable of changing its runtime footprint during code execution.(Citation: polymorphic-blackberry) With each execution of the software,"
T1027.015,Compression,True,stealth,Linux|macOS|Windows,"Adversaries may use compression to obfuscate their payloads or files. Compressed file formats such as ZIP, gzip, 7z, and RAR can compress and archive multiple files together to make it easier and faster to transfer files. In addition to compressing files, adversaries may also com"
T1027.016,Junk Code Insertion,True,stealth,Linux|macOS|Windows,"Adversaries may use junk code / dead code to obfuscate a malware’s functionality. Junk code is code that either does not execute, or if it does execute, does not change the functionality of the code. Junk code makes analysis more difficult and time-consuming, as the analyst steps"
T1027.017,SVG Smuggling,True,stealth,Linux|macOS|Windows,"Adversaries may smuggle data and files past content filters by hiding malicious payloads inside of seemingly benign SVG files.(Citation: Trustwave SVG Smuggling 2025) SVGs, or Scalable Vector Graphics, are vector-based image files constructed using XML. As such, they can legitima"
T1027.018,Invisible Unicode,True,stealth,Linux|macOS|Windows,"Adversaries may abuse invisible or non-printing Unicode characters to conceal malicious content within files, scripts, or text. By inserting characters that do not visibly render, adversaries may hide data, alter how content is interpreted, or make malicious code appear as benign"
T1029,Scheduled Transfer,False,exfiltration,Linux|macOS|Windows,Adversaries may schedule data exfiltration to be performed only at certain times of day or at certain intervals. This could be done to blend traffic patterns with normal activity or availability.
T1030,Data Transfer Size Limits,False,exfiltration,Linux|macOS|Windows|ESXi,An adversary may exfiltrate data in fixed size chunks instead of whole files or limit packet sizes below certain thresholds. This approach may be used to avoid triggering network data transfer threshold alerts.
T1033,System Owner/User Discovery,False,discovery,Linux|macOS|Network Devices|Windows,"Adversaries may attempt to identify the primary user, currently logged in user, set of users that commonly uses a system, or whether a user is actively using the system. They may do this, for example, by retrieving account usernames or by using [OS Credential Dumping](https://att"
T1036,Masquerading,False,stealth,Containers|ESXi|Linux|macOS|Windows,"Adversaries may attempt to manipulate features of their artifacts to make them appear legitimate or benign to users and/or security tools. Masquerading occurs when the name or location of an object, legitimate or malicious, is manipulated or abused for the sake of evading defense"
T1036.001,Invalid Code Signature,True,stealth,macOS|Windows,"Adversaries may attempt to mimic features of valid code signatures to increase the chance of deceiving a user, analyst, or tool. Code signing provides a level of authenticity on a binary from the developer and a guarantee that the binary has not been tampered with. Adversaries ca"
T1036.002,Right-to-Left Override,True,stealth,Linux|macOS|Windows,"Adversaries may abuse the right-to-left override (RTLO or RLO) character (U+202E) to disguise a string and/or file name to make it appear benign. RTLO is a non-printing Unicode character that causes the text that follows it to be displayed in reverse. For example, a Windows scree"
T1036.003,Rename Legitimate Utilities,True,stealth,Linux|macOS|Windows,"Adversaries may rename legitimate / system utilities to try to evade security mechanisms concerning the usage of those utilities. Security monitoring and control mechanisms may be in place for legitimate utilities adversaries are capable of abusing, including both built-in binari"
T1036.004,Masquerade Task or Service,True,stealth,Linux|macOS|Windows,Adversaries may attempt to manipulate the name of a task or service to make it appear legitimate or benign. Tasks/services executed by the Task Scheduler or systemd will typically be given a name and/or description.(Citation: TechNet Schtasks)(Citation: Systemd Service Units) Win
T1036.005,Match Legitimate Resource Name or Location,True,stealth,Containers|ESXi|Linux|macOS|Windows,"Adversaries may match or approximate the name or location of legitimate files, Registry keys, or other resources when naming/placing them. This is done for the sake of evading defenses and observation. "
T1036.006,Space after Filename,True,stealth,Linux|macOS,"Adversaries can hide a program's true filetype by changing the extension of a file. With certain file types (specifically this does not work with .app extensions), appending a space to the end of a filename will change how the file is processed by the operating system."
T1036.007,Double File Extension,True,stealth,Windows,Adversaries may abuse a double extension in the filename as a means of masquerading the true file type. A file name may include a secondary file type extension that may cause only the first extension to be displayed (ex: <code>File.txt.exe</code> may render in some views as just 
T1036.008,Masquerade File Type,True,stealth,Linux|macOS|Windows,"Adversaries may masquerade malicious payloads as legitimate files through changes to the payload's formatting, including the file’s signature, extension, icon, and contents. Various file types have a typical standard format, including how they are encoded and organized. For examp"
T1036.009,Break Process Trees,True,stealth,Linux|macOS,"An adversary may attempt to evade process tree-based analysis by modifying executed malware's parent process ID (PPID). If endpoint protection software leverages the “parent-child"" relationship for detection, breaking this relationship could result in the adversary’s behavior not"
T1036.010,Masquerade Account Name,True,stealth,Containers|IaaS|Identity Provider|Linux|macOS|Office Suite|SaaS|Windows,"Adversaries may match or approximate the names of legitimate accounts to make newly created ones appear benign. This will typically occur during [Create Account](https://attack.mitre.org/techniques/T1136), although accounts may also be renamed at a later date. This may also coinc"
T1036.011,Overwrite Process Arguments,True,stealth,Linux,"Adversaries may modify a process's in-memory arguments to change its name in order to appear as a legitimate or benign process. On Linux, the operating system stores command-line arguments in the process’s stack and passes them to the `main()` function as the `argv` array. The fi"
T1036.012,Browser Fingerprint,True,stealth,Linux|macOS|Windows,"Adversaries may attempt to blend in with legitimate traffic by spoofing browser and system attributes like operating system, system language, platform, user-agent string, resolution, time zone, etc.  The HTTP User-Agent request header is a string that lets servers and network pee"
T1037,Boot or Logon Initialization Scripts,False,persistence|privilege-escalation,ESXi|Linux|macOS|Network Devices|Windows,"Adversaries may use scripts automatically executed at boot or logon initialization to establish persistence.(Citation: Mandiant APT29 Eye Spy Email Nov 22)(Citation: Anomali Rocke March 2019) Initialization scripts can be used to perform administrative functions, which may often "
T1037.001,Logon Script (Windows),True,persistence|privilege-escalation,Windows,Adversaries may use Windows logon scripts automatically executed at logon initialization to establish persistence. Windows allows logon scripts to be run whenever a specific user or group of users log into a system.(Citation: TechNet Logon Scripts) This is done via adding a path 
T1037.002,Login Hook,True,persistence|privilege-escalation,macOS,Adversaries may use a Login Hook to establish persistence executed upon user logon. A login hook is a plist file that points to a specific script to execute with root privileges upon user logon. The plist file is located in the <code>/Library/Preferences/com.apple.loginwindow.pli
T1037.003,Network Logon Script,True,persistence|privilege-escalation,Windows,Adversaries may use network logon scripts automatically executed at logon initialization to establish persistence. Network logon scripts can be assigned using Active Directory or Group Policy Objects.(Citation: Petri Logon Script AD) These logon scripts run with the privileges of
T1037.004,RC Scripts,True,persistence|privilege-escalation,macOS|Linux|Network Devices|ESXi,"Adversaries may establish persistence by modifying RC scripts, which are executed during a Unix-like system’s startup. These files allow system administrators to map and start custom services at startup for different run levels. RC scripts require root privileges to modify."
T1037.005,Startup Items,True,persistence|privilege-escalation,macOS,Adversaries may use startup items automatically executed at boot initialization to establish persistence. Startup items execute during the final phase of the boot process and contain shell scripts or other executable files along with configuration information used by the system t
T1039,Data from Network Shared Drive,False,collection,Linux|macOS|Windows,"Adversaries may search network shares on computers they have compromised to find files of interest. Sensitive data can be collected from remote systems via shared network drives (host shared directory, network file server, etc.) that are accessible from the current system prior t"
T1040,Network Sniffing,False,credential-access|discovery,IaaS|Linux|macOS|Network Devices|Windows,"Adversaries may passively sniff network traffic to capture information about an environment, including authentication material passed over the network. Network sniffing refers to using the network interface on a system to monitor or capture information sent over a wired or wirele"
T1041,Exfiltration Over C2 Channel,False,exfiltration,ESXi|Linux|macOS|Windows,Adversaries may steal data by exfiltrating it over an existing command and control channel. Stolen data is encoded into the normal communications channel using the same protocol as command and control communications.
T1046,Network Service Discovery,False,discovery,Containers|IaaS|Linux|macOS|Network Devices|Windows,"Adversaries may attempt to get a listing of services running on remote hosts and local network infrastructure devices, including those that may be vulnerable to remote software exploitation. Common methods to acquire this information include port, vulnerability, and/or wordlist s"
T1047,Windows Management Instrumentation,False,execution,Windows,Adversaries may abuse Windows Management Instrumentation (WMI) to execute malicious commands and payloads. WMI is designed for programmers and is the infrastructure for management data and operations on Windows systems.(Citation: WMI 1-3) WMI is an administration feature that pro
T1048,Exfiltration Over Alternative Protocol,False,exfiltration,ESXi|IaaS|Linux|macOS|Network Devices|Office Suite|SaaS|Windows,Adversaries may steal data by exfiltrating it over a different protocol than that of the existing command and control channel. The data may also be sent to an alternate network location from the main command and control server.  
T1048.001,Exfiltration Over Symmetric Encrypted Non-C2 Protocol,True,exfiltration,Linux|macOS|Windows|ESXi,Adversaries may steal data by exfiltrating it over a symmetrically encrypted network protocol other than that of the existing command and control channel. The data may also be sent to an alternate network location from the main command and control server. 
T1048.002,Exfiltration Over Asymmetric Encrypted Non-C2 Protocol,True,exfiltration,ESXi|Linux|macOS|Windows,Adversaries may steal data by exfiltrating it over an asymmetrically encrypted network protocol other than that of the existing command and control channel. The data may also be sent to an alternate network location from the main command and control server. 
T1048.003,Exfiltration Over Unencrypted Non-C2 Protocol,True,exfiltration,ESXi|Linux|macOS|Network Devices|Windows,Adversaries may steal data by exfiltrating it over an un-encrypted network protocol other than that of the existing command and control channel. The data may also be sent to an alternate network location from the main command and control server.(Citation: copy_cmd_cisco)
T1049,System Network Connections Discovery,False,discovery,ESXi|IaaS|Linux|macOS|Network Devices|Windows,Adversaries may attempt to get a listing of network connections to or from the compromised system they are currently accessing or from remote systems by querying for information over the network. 
T1052,Exfiltration Over Physical Medium,False,exfiltration,Linux|macOS|Windows,"Adversaries may attempt to exfiltrate data via a physical medium, such as a removable drive. In certain circumstances, such as an air-gapped network compromise, exfiltration could occur via a physical medium or device introduced by a user. Such media could be an external hard dri"
T1052.001,Exfiltration over USB,True,exfiltration,Linux|Windows|macOS,"Adversaries may attempt to exfiltrate data over a USB connected physical device. In certain circumstances, such as an air-gapped network compromise, exfiltration could occur via a USB device introduced by a user. The USB device could be used as the final exfiltration point or to "
T1053,Scheduled Task/Job,False,execution|persistence|privilege-escalation,Containers|ESXi|Linux|macOS|Network Devices|Windows,Adversaries may abuse task scheduling functionality to facilitate initial or recurring execution of malicious code. Utilities exist within all major operating systems to schedule programs or scripts to be executed at a specified date and time. A task can also be scheduled on a re
T1053.002,At,True,execution|persistence|privilege-escalation,Windows|Linux|macOS,"Adversaries may abuse the [at](https://attack.mitre.org/software/S0110) utility to perform task scheduling for initial or recurring execution of malicious code. The [at](https://attack.mitre.org/software/S0110) utility exists as an executable within Windows, Linux, and macOS for "
T1053.003,Cron,True,execution|persistence|privilege-escalation,Linux|macOS|ESXi,Adversaries may abuse the <code>cron</code> utility to perform task scheduling for initial or recurring execution of malicious code.(Citation: 20 macOS Common Tools and Techniques) The <code>cron</code> utility is a time-based job scheduler for Unix-like operating systems.  The <
T1053.005,Scheduled Task,True,execution|persistence|privilege-escalation,Windows,Adversaries may abuse the Windows Task Scheduler to perform task scheduling for initial or recurring execution of malicious code. There are multiple ways to access the Task Scheduler in Windows. The [schtasks](https://attack.mitre.org/software/S0111) utility can be run directly o
T1053.006,Systemd Timers,True,execution|persistence|privilege-escalation,Linux,Adversaries may abuse systemd timers to perform task scheduling for initial or recurring execution of malicious code. Systemd timers are unit files with file extension <code>.timer</code> that control services. Timers can be set to run on a calendar event or after a time span rel
T1053.007,Container Orchestration Job,True,execution|persistence|privilege-escalation,Containers,"Adversaries may abuse task scheduling functionality provided by container orchestration tools such as Kubernetes to schedule deployment of containers configured to execute malicious code. Container orchestration jobs run these automated tasks at a specific date and time, similar "
T1055,Process Injection,False,stealth|privilege-escalation,Linux|macOS|Windows,Adversaries may inject code into processes in order to evade process-based defenses as well as possibly elevate privileges. Process injection is a method of executing arbitrary code in the address space of a separate live process. Running code in the context of another process ma
T1055.001,Dynamic-link Library Injection,True,stealth|privilege-escalation,Windows,Adversaries may inject dynamic-link libraries (DLLs) into processes in order to evade process-based defenses as well as possibly elevate privileges. DLL injection is a method of executing arbitrary code in the address space of a separate live process.  
T1055.002,Portable Executable Injection,True,stealth|privilege-escalation,Windows,Adversaries may inject portable executables (PE) into processes in order to evade process-based defenses as well as possibly elevate privileges. PE injection is a method of executing arbitrary code in the address space of a separate live process. 
T1055.003,Thread Execution Hijacking,True,stealth|privilege-escalation,Windows,Adversaries may inject malicious code into hijacked processes in order to evade process-based defenses as well as possibly elevate privileges. Thread Execution Hijacking is a method of executing arbitrary code in the address space of a separate live process. 
T1055.004,Asynchronous Procedure Call,True,stealth|privilege-escalation,Windows,Adversaries may inject malicious code into processes via the asynchronous procedure call (APC) queue in order to evade process-based defenses as well as possibly elevate privileges. APC injection is a method of executing arbitrary code in the address space of a separate live proc
T1055.005,Thread Local Storage,True,stealth|privilege-escalation,Windows,Adversaries may inject malicious code into processes via thread local storage (TLS) callbacks in order to evade process-based defenses as well as possibly elevate privileges. TLS callback injection is a method of executing arbitrary code in the address space of a separate live pr
T1055.008,Ptrace System Calls,True,stealth|privilege-escalation,Linux,Adversaries may inject malicious code into processes via ptrace (process trace) system calls in order to evade process-based defenses as well as possibly elevate privileges. Ptrace system call injection is a method of executing arbitrary code in the address space of a separate li
T1055.009,Proc Memory,True,stealth|privilege-escalation,Linux,Adversaries may inject malicious code into processes via the /proc filesystem in order to evade process-based defenses as well as possibly elevate privileges. Proc memory injection is a method of executing arbitrary code in the address space of a separate live process. 
T1055.011,Extra Window Memory Injection,True,stealth|privilege-escalation,Windows,Adversaries may inject malicious code into process via Extra Window Memory (EWM) in order to evade process-based defenses as well as possibly elevate privileges. EWM injection is a method of executing arbitrary code in the address space of a separate live process. 
T1055.012,Process Hollowing,True,stealth|privilege-escalation,Windows,Adversaries may inject malicious code into suspended and hollowed processes in order to evade process-based defenses. Process hollowing is a method of executing arbitrary code in the address space of a separate live process.  
T1055.013,Process Doppelgänging,True,stealth|privilege-escalation,Windows,Adversaries may inject malicious code into process via process doppelgänging in order to evade process-based defenses as well as possibly elevate privileges. Process doppelgänging is a method of executing arbitrary code in the address space of a separate live process. 
T1055.014,VDSO Hijacking,True,stealth|privilege-escalation,Linux,Adversaries may inject malicious code into processes via VDSO hijacking in order to evade process-based defenses as well as possibly elevate privileges. Virtual dynamic shared object (vdso) hijacking is a method of executing arbitrary code in the address space of a separate live 
T1055.015,ListPlanting,True,stealth|privilege-escalation,Windows,Adversaries may abuse list-view controls to inject malicious code into hijacked processes in order to evade process-based defenses as well as possibly elevate privileges. ListPlanting is a method of executing arbitrary code in the address space of a separate live process.(Citatio
T1056,Input Capture,False,collection|credential-access,Linux|macOS|Network Devices|Windows,"Adversaries may use methods of capturing user input to obtain credentials or collect information. During normal system usage, users often provide credentials to various different locations, such as login pages/portals or system dialog boxes. Input capture mechanisms may be transp"
T1056.001,Keylogging,True,collection|credential-access,Linux|macOS|Network Devices|Windows,"Adversaries may log user keystrokes to intercept credentials as the user types them. Keylogging is likely to be used to acquire credentials for new access opportunities when [OS Credential Dumping](https://attack.mitre.org/techniques/T1003) efforts are not effective, and may requ"
T1056.002,GUI Input Capture,True,collection|credential-access,Linux|macOS|Windows,"Adversaries may mimic common operating system GUI components to prompt users for credentials with a seemingly legitimate prompt. When programs are executed that need additional privileges than are present in the current user context, it is common for the operating system to promp"
T1056.003,Web Portal Capture,True,collection|credential-access,Linux|macOS|Windows,"Adversaries may install code on externally facing portals, such as a VPN login page, to capture and transmit credentials of users who attempt to log into the service. For example, a compromised login page may log provided user credentials before logging the user in to the service"
T1056.004,Credential API Hooking,True,collection|credential-access,Windows|Linux|macOS,Adversaries may hook into Windows application programming interface (API) functions and Linux system functions to collect user credentials. Malicious hooking mechanisms may capture API or function calls that include parameters that reveal user authentication credentials.(Citation
T1057,Process Discovery,False,discovery,ESXi|Linux|macOS|Network Devices|Windows,Adversaries may attempt to get information about running processes on a system. Information obtained could be used to gain an understanding of common software/applications running on systems within the network. Administrator or otherwise elevated access may provide better process
T1059,Command and Scripting Interpreter,False,execution,Containers|ESXi|IaaS|Identity Provider|Linux|macOS|Network Devices|Office Suite|SaaS|Windows,"Adversaries may abuse command and script interpreters to execute commands, scripts, or binaries. These interfaces and languages provide ways of interacting with computer systems and are a common feature across many different platforms. Most systems come with some built-in command"
T1059.001,PowerShell,True,execution,Windows,Adversaries may abuse PowerShell commands and scripts for execution. PowerShell is a powerful interactive command-line interface and scripting environment included in the Windows operating system.(Citation: TechNet PowerShell) Adversaries can use PowerShell to perform a number of
T1059.002,AppleScript,True,execution,macOS,Adversaries may abuse AppleScript for execution. AppleScript is a macOS scripting language designed to control applications and parts of the OS via inter-application messages called AppleEvents.(Citation: Apple AppleScript) These AppleEvent messages can be sent independently or e
T1059.003,Windows Command Shell,True,execution,Windows,"Adversaries may abuse the Windows command shell for execution. The Windows command shell ([cmd](https://attack.mitre.org/software/S0106)) is the primary command prompt on Windows systems. The Windows command prompt can be used to control almost any aspect of a system, with variou"
T1059.004,Unix Shell,True,execution,ESXi|Linux|macOS|Network Devices,"Adversaries may abuse Unix shell commands and scripts for execution. Unix shells are the primary command prompt on Linux, macOS, and ESXi systems, though many variations of the Unix shell exist (e.g. sh, ash, bash, zsh, etc.) depending on the specific OS or distribution.(Citation"
T1059.005,Visual Basic,True,execution,Linux|macOS|Windows,Adversaries may abuse Visual Basic (VB) for execution. VB is a programming language created by Microsoft with interoperability with many Windows technologies such as [Component Object Model](https://attack.mitre.org/techniques/T1559/001) and the [Native API](https://attack.mitre.
T1059.006,Python,True,execution,ESXi|Linux|macOS|Windows,"Adversaries may abuse Python commands and scripts for execution. Python is a very popular scripting/programming language, with capabilities to perform many functions. Python can be executed interactively from the command-line (via the <code>python.exe</code> interpreter) or via s"
T1059.007,JavaScript,True,execution,Linux|macOS|Windows,"Adversaries may abuse various implementations of JavaScript for execution. JavaScript (JS) is a platform-independent scripting language (compiled just-in-time at runtime) commonly associated with scripts in webpages, though JS can be executed in runtime environments outside the b"
T1059.008,Network Device CLI,True,execution,Network Devices,"Adversaries may abuse scripting or built-in command line interpreters (CLI) on network devices to execute malicious command and payloads. The CLI is the primary means through which users and administrators interact with the device in order to view system information, modify devic"
T1059.009,Cloud API,True,execution,IaaS|Identity Provider|Office Suite|SaaS,Adversaries may abuse cloud APIs to execute malicious commands. APIs available in cloud environments provide various functionalities and are a feature-rich method for programmatic access to nearly all aspects of a tenant. These APIs may be utilized through various methods such as
T1059.010,AutoHotKey & AutoIT,True,execution,Windows,"Adversaries may execute commands and perform malicious tasks using AutoIT and AutoHotKey automation scripts. AutoIT and AutoHotkey (AHK) are scripting languages that enable users to automate Windows tasks. These automation scripts can be used to perform a wide variety of actions,"
T1059.011,Lua,True,execution,Linux|Network Devices|Windows|macOS,"Adversaries may abuse Lua commands and scripts for execution. Lua is a cross-platform scripting and programming language primarily designed for embedded use in applications. Lua can be executed on the command-line (through the stand-alone lua interpreter), via scripts (<code>.lua"
T1059.012,Hypervisor CLI,True,execution,ESXi,Adversaries may abuse hypervisor command line interpreters (CLIs) to execute malicious commands. Hypervisor CLIs typically enable a wide variety of functionality for managing both the hypervisor itself and the guest virtual machines it hosts. 
T1059.013,Container CLI/API,True,execution,Containers,Adversaries may abuse built-in CLI tools or API calls to execute malicious commands in containerized environments.
T1068,Exploitation for Privilege Escalation,False,privilege-escalation,Containers|Linux|macOS|Windows,"Adversaries may exploit software vulnerabilities in an attempt to elevate privileges. Exploitation of a software vulnerability occurs when an adversary takes advantage of a programming error in a program, service, or within the operating system software or kernel itself to execut"
T1069,Permission Groups Discovery,False,discovery,Containers|IaaS|Identity Provider|Linux|macOS|Office Suite|SaaS|Windows,"Adversaries may attempt to discover group and permission settings. This information can help adversaries determine which user accounts and groups are available, the membership of users in particular groups, and which users and groups have elevated permissions."
T1069.001,Local Groups,True,discovery,Linux|macOS|Windows,Adversaries may attempt to find local system groups and permission settings. The knowledge of local system permission groups can help adversaries determine which groups exist and which users belong to a particular group. Adversaries may use this information to determine which use
T1069.002,Domain Groups,True,discovery,Linux|macOS|Windows,Adversaries may attempt to find domain-level groups and permission settings. The knowledge of domain-level permission groups can help adversaries determine which groups exist and which users belong to a particular group. Adversaries may use this information to determine which use
T1069.003,Cloud Groups,True,discovery,SaaS|IaaS|Office Suite|Identity Provider,"Adversaries may attempt to find cloud groups and permission settings. The knowledge of cloud permission groups can help adversaries determine the particular roles of users and groups within an environment, as well as which users are associated with a particular group."
T1070,Indicator Removal,False,stealth,Containers|ESXi|Linux|macOS|Network Devices|Office Suite|Windows,"Adversaries may selectively delete or modify artifacts generated to reduce indications of their presence and blend in with legitimate activity. Rather than broadly removing evidence, adversaries may target specific artifacts that appear anomalous or are likely to draw scrutiny, w"
T1070.003,Clear Command History,True,stealth,ESXi|Linux|macOS|Network Devices|Windows,"In addition to clearing system logs, an adversary may clear the command history of a compromised account to conceal the actions undertaken during an intrusion. Various command interpreters keep track of the commands users type in their terminal so that users can retrace what they"
T1070.004,File Deletion,True,stealth,ESXi|Linux|macOS|Windows,"Adversaries may delete files left behind by the actions of their intrusion activity. Malware, tools, or other non-native files dropped or created on a system by an adversary (ex: [Ingress Tool Transfer](https://attack.mitre.org/techniques/T1105)) may leave traces to indicate to w"
T1070.005,Network Share Connection Removal,True,stealth,Windows,Adversaries may remove share connections that are no longer useful in order to clean up traces of their operation. Windows shared drive and [SMB/Windows Admin Shares](https://attack.mitre.org/techniques/T1021/002) connections can be removed when no longer needed. [Net](https://at
T1070.006,Timestomp,True,stealth,ESXi|Linux|macOS|Windows,"Adversaries may modify file time attributes to hide new files or changes to existing files. Timestomping is a technique that modifies the timestamps of a file (the modify, access, create, and change times), often to mimic files that are in the same folder and blend malicious file"
T1070.007,Clear Network Connection History and Configurations,True,stealth,Linux|macOS|Windows|Network Devices,Adversaries may clear or remove evidence of malicious network connections in order to clean up traces of their operations. Configuration settings as well as various artifacts that highlight connection history may be created on a system and/or in application logs from behaviors th
T1070.008,Clear Mailbox Data,True,stealth,Linux|macOS|Office Suite|Windows,"Adversaries may modify mail and mail application data to remove evidence of their activity. Email applications allow users and other programs to export and delete mailbox data via command line tools or use of APIs. Mail application data can be emails, email metadata, or logs gene"
T1070.009,Clear Persistence,True,stealth,ESXi|Linux|macOS|Windows,"Adversaries may clear artifacts associated with previously established persistence on a host system to remove evidence of their activity. This may involve various actions, such as removing services, deleting executables, [Modify Registry](https://attack.mitre.org/techniques/T1112"
T1070.010,Relocate Malware,True,stealth,Linux|macOS|Network Devices|Windows,"Once a payload is delivered, adversaries may reproduce copies of the same malware on the victim system to remove evidence of their presence and/or avoid defenses. Copying malware payloads to new locations may also be combined with [File Deletion](https://attack.mitre.org/techniqu"
T1071,Application Layer Protocol,False,command-and-control,Linux|macOS|Windows|Network Devices|ESXi,"Adversaries may communicate using OSI application layer protocols to avoid detection/network filtering by blending in with existing traffic. Commands to the remote system, and often the results of those commands, will be embedded within the protocol traffic between the client and"
T1071.001,Web Protocols,True,command-and-control,ESXi|Linux|macOS|Network Devices|Windows,"Adversaries may communicate using application layer protocols associated with web traffic to avoid detection/network filtering by blending in with existing traffic. Commands to the remote system, and often the results of those commands, will be embedded within the protocol traffi"
T1071.002,File Transfer Protocols,True,command-and-control,ESXi|Linux|macOS|Network Devices|Windows,"Adversaries may communicate using application layer protocols associated with transferring files to avoid detection/network filtering by blending in with existing traffic. Commands to the remote system, and often the results of those commands, will be embedded within the protocol"
T1071.003,Mail Protocols,True,command-and-control,Linux|macOS|Network Devices|Windows,"Adversaries may communicate using application layer protocols associated with electronic mail delivery to avoid detection/network filtering by blending in with existing traffic. Commands to the remote system, and often the results of those commands, will be embedded within the pr"
T1071.004,DNS,True,command-and-control,ESXi|Linux|macOS|Network Devices|Windows,"Adversaries may communicate using the Domain Name System (DNS) application layer protocol to avoid detection/network filtering by blending in with existing traffic. Commands to the remote system, and often the results of those commands, will be embedded within the protocol traffi"
T1071.005,Publish/Subscribe Protocols,True,command-and-control,macOS|Linux|Windows|Network Devices,"Adversaries may communicate using publish/subscribe (pub/sub) application layer protocols to avoid detection/network filtering by blending in with existing traffic. Commands to the remote system, and often the results of those commands, will be embedded within the protocol traffi"
T1072,Software Deployment Tools,False,execution|lateral-movement,Linux|macOS|Network Devices|SaaS|Windows,Adversaries may gain access to and use centralized software suites installed within an enterprise to execute commands and move laterally through the network. Configuration management and software deployment applications may be used in an enterprise network or cloud environment fo
T1074,Data Staged,False,collection,ESXi|IaaS|Linux|macOS|Windows,Adversaries may stage collected data in a central location or directory prior to Exfiltration. Data may be kept in separate files or combined into one file through techniques such as [Archive Collected Data](https://attack.mitre.org/techniques/T1560). Interactive command shells m
T1074.001,Local Data Staging,True,collection,ESXi|Linux|macOS|Windows,Adversaries may stage collected data in a central location or directory on the local system prior to Exfiltration. Data may be kept in separate files or combined into one file through techniques such as [Archive Collected Data](https://attack.mitre.org/techniques/T1560). Interact
T1074.002,Remote Data Staging,True,collection,ESXi|IaaS|Linux|macOS|Windows,Adversaries may stage data collected from multiple systems in a central location or directory on one system prior to Exfiltration. Data may be kept in separate files or combined into one file through techniques such as [Archive Collected Data](https://attack.mitre.org/techniques/
T1078,Valid Accounts,False,stealth|persistence|privilege-escalation|initial-access,Containers|ESXi|IaaS|Identity Provider|Linux|macOS|Network Devices|Office Suite|SaaS|Windows,"Adversaries may obtain and abuse credentials of existing accounts as a means of gaining Initial Access, Persistence, Privilege Escalation, or Defense Evasion. Compromised credentials may be used to bypass access controls placed on various resources on systems within the network a"
T1078.001,Default Accounts,True,stealth|persistence|privilege-escalation|initial-access,Containers|ESXi|IaaS|Identity Provider|Linux|macOS|Network Devices|Office Suite|SaaS|Windows,"Adversaries may obtain and abuse credentials of a default account as a means of gaining Initial Access, Persistence, Privilege Escalation, or Defense Evasion. Default accounts are those that are built-into an OS, such as the Guest or Administrator accounts on Windows systems. Def"
T1078.002,Domain Accounts,True,stealth|persistence|privilege-escalation|initial-access,ESXi|Linux|macOS|Windows,"Adversaries may obtain and abuse credentials of a domain account as a means of gaining Initial Access, Persistence, Privilege Escalation, or Defense Evasion.(Citation: TechNet Credential Theft) Domain accounts are those managed by Active Directory Domain Services where access and"
T1078.003,Local Accounts,True,stealth|persistence|privilege-escalation|initial-access,Containers|ESXi|Linux|macOS|Network Devices|Windows,"Adversaries may obtain and abuse credentials of a local account as a means of gaining Initial Access, Persistence, Privilege Escalation, or Defense Evasion. Local accounts are those configured by an organization for use by users, remote support, services, or for administration on"
T1078.004,Cloud Accounts,True,stealth|persistence|privilege-escalation|initial-access,IaaS|Identity Provider|Office Suite|SaaS,"Valid accounts in cloud environments may allow adversaries to perform actions to achieve Initial Access, Persistence, Privilege Escalation, or Defense Evasion. Cloud accounts are those created and configured by an organization for use by users, remote support, services, or for ad"
T1080,Taint Shared Content,False,lateral-movement,Windows|SaaS|Linux|macOS|Office Suite,
T1082,System Information Discovery,False,discovery,ESXi|IaaS|Linux|macOS|Network Devices|Windows,"An adversary may attempt to get detailed information about the operating system and hardware, including version, patches, hotfixes, service packs, and architecture. Adversaries may use this information to shape follow-on behaviors, including whether or not the adversary fully inf"
T1083,File and Directory Discovery,False,discovery,ESXi|Linux|macOS|Network Devices|Windows,Adversaries may enumerate files and directories or may search in specific locations of a host or network share for certain information within a file system. Adversaries may use the information from [File and Directory Discovery](https://attack.mitre.org/techniques/T1083) during a
T1087,Account Discovery,False,discovery,ESXi|IaaS|Identity Provider|Linux|macOS|Office Suite|SaaS|Windows,"Adversaries may attempt to get a listing of valid accounts, usernames, or email addresses on a system or within a compromised environment. This information can help adversaries determine which accounts exist, which can aid in follow-on behavior such as brute-forcing, spear-phishi"
T1087.001,Local Account,True,discovery,ESXi|Linux|macOS|Windows,Adversaries may attempt to get a listing of local system accounts. This information can help adversaries determine which local accounts exist on a system to aid in follow-on behavior.
T1087.002,Domain Account,True,discovery,Linux|macOS|Windows,Adversaries may attempt to get a listing of domain accounts. This information can help adversaries determine which domain accounts exist to aid in follow-on behavior such as targeting specific accounts which possess particular privileges.
T1087.003,Email Account,True,discovery,Windows|Office Suite,Adversaries may attempt to get a listing of email addresses and accounts. Adversaries may try to dump Exchange address lists such as global address lists (GALs).(Citation: Microsoft Exchange Address Lists)
T1087.004,Cloud Account,True,discovery,IaaS|Identity Provider|Office Suite|SaaS,"Adversaries may attempt to get a listing of cloud accounts. Cloud accounts are those created and configured by an organization for use by users, remote support, services, or for administration of resources within a cloud service provider or SaaS application."
T1090,Proxy,False,command-and-control,ESXi|Linux|macOS|Network Devices|Windows,Adversaries may use a connection proxy to direct network traffic between systems or act as an intermediary for network communications to a command and control server to avoid direct connections to their infrastructure. Many tools exist that enable traffic redirection through prox
T1090.001,Internal Proxy,True,command-and-control,ESXi|Linux|macOS|Network Devices|Windows,"Adversaries may use an internal proxy to direct command and control traffic between two or more systems in a compromised environment. Many tools exist that enable traffic redirection through proxies or port redirection, including [HTRAN](https://attack.mitre.org/software/S0040), "
T1090.002,External Proxy,True,command-and-control,ESXi|Linux|macOS|Network Devices|Windows,"Adversaries may use an external proxy to act as an intermediary for network communications to a command and control server to avoid direct connections to their infrastructure. Many tools exist that enable traffic redirection through proxies or port redirection, including [HTRAN]("
T1090.003,Multi-hop Proxy,True,command-and-control,ESXi|Linux|macOS|Network Devices|Windows,"Adversaries may chain together multiple proxies to disguise the source of malicious traffic. Typically, a defender will be able to identify the last proxy traffic traversed before it enters their network; the defender may or may not be able to identify any previous proxies before"
T1090.004,Domain Fronting,True,command-and-control,Linux|macOS|Windows|ESXi,Adversaries may take advantage of routing schemes in Content Delivery Networks (CDNs) and other services which host multiple domains to obfuscate the intended destination of HTTPS traffic or traffic tunneled through HTTPS. (Citation: Fifield Blocking Resistent Communication throu
T1091,Replication Through Removable Media,False,lateral-movement|initial-access,Windows,"Adversaries may move onto systems, possibly those on disconnected or air-gapped networks, by copying malware to removable media and taking advantage of Autorun features when the media is inserted into a system and executes. In the case of Lateral Movement, this may occur through "
T1092,Communication Through Removable Media,False,command-and-control,Linux|macOS|Windows,"Adversaries can perform command and control between compromised hosts on potentially disconnected networks using removable media to transfer commands from system to system.(Citation: ESET Sednit USBStealer 2014) Both systems would need to be compromised, with the likelihood that "
T1095,Non-Application Layer Protocol,False,command-and-control,ESXi|Linux|macOS|Network Devices|Windows,"Adversaries may use an OSI non-application layer protocol for communication between host and C2 server or among infected hosts within a network. The list of possible protocols is extensive.(Citation: Wikipedia OSI) Specific examples include use of network layer protocols, such as"
T1098,Account Manipulation,False,persistence|privilege-escalation,Containers|ESXi|IaaS|Identity Provider|Linux|macOS|Network Devices|Office Suite|SaaS|Windows,"Adversaries may manipulate accounts to maintain and/or elevate access to victim systems. Account manipulation may consist of any action that preserves or modifies adversary access to a compromised account, such as modifying credentials or permission groups.(Citation: FireEye SMOK"
T1098.001,Additional Cloud Credentials,True,persistence|privilege-escalation,IaaS|Identity Provider|SaaS,Adversaries may add adversary-controlled credentials to a cloud account to maintain persistent access to victim accounts and instances within the environment.
T1098.002,Additional Email Delegate Permissions,True,persistence|privilege-escalation,Windows|Office Suite,Adversaries may grant additional permission levels to maintain persistent access to an adversary-controlled email account. 
T1098.003,Additional Cloud Roles,True,persistence|privilege-escalation,IaaS|Identity Provider|Office Suite|SaaS,"An adversary may add additional roles or permissions to an adversary-controlled cloud account to maintain persistent access to a tenant. For example, adversaries may update IAM policies in cloud-based environments or add a new global administrator in Office 365 environments.(Cita"
T1098.004,SSH Authorized Keys,True,persistence|privilege-escalation,ESXi|IaaS|Linux|macOS|Network Devices,"Adversaries may modify the SSH <code>authorized_keys</code> file to maintain persistence on a victim host. Linux distributions, macOS, and ESXi hypervisors commonly use key-based authentication to secure the authentication process of SSH sessions for remote management. The <code>"
T1098.005,Device Registration,True,persistence|privilege-escalation,Windows|Identity Provider,"Adversaries may register a device to an adversary-controlled account. Devices may be registered in a multifactor authentication (MFA) system, which handles authentication to the network, or in a device management system, which handles device access and compliance."
T1098.006,Additional Container Cluster Roles,True,persistence|privilege-escalation,Containers,"An adversary may add additional roles or permissions to an adversary-controlled user or service account to maintain persistent access to a container orchestration system. For example, an adversary with sufficient permissions may create a RoleBinding or a ClusterRoleBinding to bin"
T1098.007,Additional Local or Domain Groups,True,persistence|privilege-escalation,Windows|macOS|Linux,An adversary may add additional local or domain groups to an adversary-controlled account to maintain persistent access to a system or domain.
T1102,Web Service,False,command-and-control,ESXi|Linux|macOS|Windows,"Adversaries may use an existing, legitimate external Web service as a means for relaying data to/from a compromised system. Popular websites, cloud services, and social media acting as a mechanism for C2 may give a significant amount of cover due to the likelihood that hosts with"
T1102.001,Dead Drop Resolver,True,command-and-control,ESXi|Linux|macOS|Windows,"Adversaries may use an existing, legitimate external Web service to host information that points to additional command and control (C2) infrastructure. Adversaries may post content, known as a dead drop resolver, on Web services with embedded (and often obfuscated/encoded) domain"
T1102.002,Bidirectional Communication,True,command-and-control,ESXi|Linux|macOS|Windows,"Adversaries may use an existing, legitimate external Web service as a means for sending commands to and receiving output from a compromised system over the Web service channel. Compromised systems may leverage popular websites and social media to host command and control (C2) ins"
T1102.003,One-Way Communication,True,command-and-control,Linux|macOS|Windows|ESXi,"Adversaries may use an existing, legitimate external Web service as a means for sending commands to a compromised system without receiving return output over the Web service channel. Compromised systems may leverage popular websites and social media to host command and control (C"
T1104,Multi-Stage Channels,False,command-and-control,Linux|macOS|Windows|ESXi,Adversaries may create multiple stages for command and control that are employed under different conditions or for certain functions. Use of multiple stages may obfuscate the command and control channel to make detection more difficult.
T1105,Ingress Tool Transfer,False,command-and-control,ESXi|Linux|macOS|Network Devices|Windows,Adversaries may transfer tools or other files from an external system into a compromised environment. Tools or files may be copied from an external adversary-controlled system to the victim network through the command and control channel or through alternate protocols such as [ft
T1106,Native API,False,execution,Linux|macOS|Windows,"Adversaries may interact with the native OS application programming interface (API) to execute behaviors. Native APIs provide a controlled means of calling low-level OS services within the kernel, such as those involving hardware/devices, memory, and processes.(Citation: NT API W"
T1110,Brute Force,False,credential-access,Containers|ESXi|IaaS|Identity Provider|Linux|macOS|Network Devices|Office Suite|SaaS|Windows,"Adversaries may use brute force techniques to gain access to accounts when passwords are unknown or when password hashes are obtained.(Citation: TrendMicro Pawn Storm Dec 2020) Without knowledge of the password for an account or set of accounts, an adversary may systematically gu"
T1110.001,Password Guessing,True,credential-access,Containers|ESXi|IaaS|Identity Provider|Linux|macOS|Network Devices|Office Suite|SaaS|Windows,"Adversaries with no prior knowledge of legitimate credentials within the system or environment may guess passwords to attempt access to accounts. Without knowledge of the password for an account, an adversary may opt to systematically guess the password using a repetitive or iter"
T1110.002,Password Cracking,True,credential-access,Identity Provider|Linux|macOS|Network Devices|Office Suite|Windows,"Adversaries may use password cracking to attempt to recover usable credentials, such as plaintext passwords, when credential material such as password hashes are obtained. [OS Credential Dumping](https://attack.mitre.org/techniques/T1003) can be used to obtain password hashes, th"
T1110.003,Password Spraying,True,credential-access,Containers|ESXi|IaaS|Identity Provider|Linux|Network Devices|Office Suite|SaaS|Windows|macOS,"Adversaries may use a single or small list of commonly used passwords against many different accounts to attempt to acquire valid account credentials. Password spraying uses one password (e.g. 'Password01'), or a small list of commonly used passwords, that may match the complexit"
T1110.004,Credential Stuffing,True,credential-access,Containers|ESXi|IaaS|Identity Provider|Linux|macOS|Network Devices|Office Suite|SaaS|Windows,"Adversaries may use credentials obtained from breach dumps of unrelated accounts to gain access to target accounts through credential overlap. Occasionally, large numbers of username and password pairs are dumped online when a website or service is compromised and the user accoun"
T1111,Multi-Factor Authentication Interception,False,credential-access,Linux|macOS|Windows,"Adversaries may target multi-factor authentication (MFA) mechanisms, (i.e., smart cards, token generators, etc.) to gain access to credentials that can be used to access systems, services, and network resources. Use of MFA is recommended and provides a higher level of security th"
T1112,Modify Registry,False,defense-impairment|persistence,Windows,"Adversaries may interact with the Windows Registry as part of a variety of other techniques to aid in defense evasion, persistence, and execution."
T1113,Screen Capture,False,collection,Linux|macOS|Windows,Adversaries may attempt to take screen captures of the desktop to gather information over the course of an operation. Screen capturing functionality may be included as a feature of a remote access tool used in post-compromise operations. Taking a screenshot is also typically poss
T1114,Email Collection,False,collection,Windows|macOS|Linux|Office Suite,"Adversaries may target user email to collect sensitive information. Emails may contain sensitive data, including trade secrets or personal information, that can prove valuable to adversaries. Emails may also contain details of ongoing incident response operations, which may allow"
T1114.001,Local Email Collection,True,collection,Windows,"Adversaries may target user email on local systems to collect sensitive information. Files containing email data can be acquired from a user’s local system, such as Outlook storage or cache files."
T1114.002,Remote Email Collection,True,collection,Office Suite|Windows,"Adversaries may target an Exchange server, Office 365, or Google Workspace to collect sensitive information. Adversaries may leverage a user's credentials and interact directly with the Exchange server to acquire information from within a network. Adversaries may also access exte"
T1114.003,Email Forwarding Rule,True,collection,Linux|macOS|Office Suite|Windows,"Adversaries may setup email forwarding rules to collect sensitive information. Adversaries may abuse email forwarding rules to monitor the activities of a victim, steal information, and further gain intelligence on the victim or the victim’s organization to use as part of further"
T1115,Clipboard Data,False,collection,Linux|macOS|Windows,Adversaries may collect data stored in the clipboard from users copying information within or between applications. 
T1119,Automated Collection,False,collection,IaaS|Linux|macOS|Office Suite|SaaS|Windows,"Once established within a system or network, an adversary may use automated techniques for collecting internal data. Methods for performing this technique could include use of a [Command and Scripting Interpreter](https://attack.mitre.org/techniques/T1059) to search for and copy "
T1120,Peripheral Device Discovery,False,discovery,Linux|macOS|Windows,Adversaries may attempt to gather information about attached peripheral devices and components connected to a computer system.(Citation: Peripheral Discovery Linux)(Citation: Peripheral Discovery macOS) Peripheral devices could include auxiliary resources that support a variety o
T1123,Audio Capture,False,collection,Linux|macOS|Windows,"An adversary can leverage a computer's peripheral devices (e.g., microphones and webcams) or applications (e.g., voice and video call services) to capture audio recordings for the purpose of listening into sensitive conversations to gather information.(Citation: ESET Attor Oct 20"
T1124,System Time Discovery,False,discovery,ESXi|Linux|macOS|Network Devices|Windows,"An adversary may gather the system time and/or time zone settings from a local or remote system. The system time is set and stored by services, such as the Windows Time Service on Windows or <code>systemsetup</code> on macOS.(Citation: MSDN System Time)(Citation: Technet Windows "
T1125,Video Capture,False,collection,Linux|macOS|Windows,"An adversary can leverage a computer's peripheral devices (e.g., integrated cameras or webcams) or applications (e.g., video call services) to capture video recordings for the purpose of gathering information. Images may also be captured from devices or applications, potentially "
T1127,Trusted Developer Utilities Proxy Execution,False,stealth|execution,Windows,"Adversaries may take advantage of trusted developer utilities to proxy execution of malicious payloads. There are many utilities used for software development related tasks that can be used to execute code in various forms to assist in development, debugging, and reverse engineer"
T1127.001,MSBuild,True,stealth|execution,Windows,Adversaries may use MSBuild to proxy execution of code through a trusted Windows utility. MSBuild.exe (Microsoft Build Engine) is a software build platform used by Visual Studio. It handles XML formatted project files that define requirements for loading and building various plat
T1127.002,ClickOnce,True,stealth|execution,Windows,Adversaries may use ClickOnce applications (.appref-ms and .application files) to proxy execution of code through a trusted Windows utility.(Citation: Burke/CISA ClickOnce BlackHat) ClickOnce is a deployment that enables a user to create self-updating Windows-based .NET applicati
T1127.003,JamPlus,True,stealth|execution,Windows,Adversaries may use `JamPlus` to proxy the execution of a malicious script. `JamPlus` is a build utility tool for code and data build systems. It works with several popular compilers and can be used for generating workspaces in code editors such as Visual Studio.(Citation: JamPlu
T1129,Shared Modules,False,execution,Linux|macOS|Windows,"Adversaries may execute malicious payloads via loading shared modules. Shared modules are executable files that are loaded into processes to provide access to reusable code, such as specific custom functions or invoking OS API functions (i.e., [Native API](https://attack.mitre.or"
T1132,Data Encoding,False,command-and-control,ESXi|Linux|macOS|Windows,Adversaries may encode data to make the content of command and control traffic more difficult to detect. Command and control (C2) information can be encoded using a standard data encoding system. Use of data encoding may adhere to existing protocol specifications and includes use
T1132.001,Standard Encoding,True,command-and-control,ESXi|Linux|macOS|Windows,Adversaries may encode data with a standard data encoding system to make the content of command and control traffic more difficult to detect. Command and control (C2) information can be encoded using a standard data encoding system that adheres to existing protocol specifications
T1132.002,Non-Standard Encoding,True,command-and-control,ESXi|Linux|macOS|Windows,Adversaries may encode data with a non-standard data encoding system to make the content of command and control traffic more difficult to detect. Command and control (C2) information can be encoded using a non-standard data encoding system that diverges from existing protocol spe
T1133,External Remote Services,False,persistence|initial-access,Containers|Linux|macOS|Windows,"Adversaries may leverage external-facing remote services to initially access and/or persist within a network. Remote services such as VPNs, Citrix, and other access mechanisms allow users to connect to internal enterprise network resources from external locations. There are often"
T1134,Access Token Manipulation,False,stealth|privilege-escalation,Windows,Adversaries may modify access tokens to operate under a different user or system security context to perform actions and bypass access controls. Windows uses access tokens to determine the ownership of a running process. A user can manipulate access tokens to make a running proce
T1134.001,Token Impersonation/Theft,True,stealth|privilege-escalation,Windows,"Adversaries may duplicate then impersonate another user's existing token to escalate privileges and bypass access controls. For example, an adversary can duplicate an existing token using `DuplicateToken` or `DuplicateTokenEx`.(Citation: DuplicateToken function) The token can the"
T1134.002,Create Process with Token,True,stealth|privilege-escalation,Windows,Adversaries may create a new process with an existing token to escalate privileges and bypass access controls. Processes can be created with the token and resulting security context of another user using features such as <code>CreateProcessWithTokenW</code> and <code>runas</code>
T1134.003,Make and Impersonate Token,True,stealth|privilege-escalation,Windows,"Adversaries may make new tokens and impersonate users to escalate privileges and bypass access controls. For example, if an adversary has a username and password but the user is not logged onto the system the adversary can then create a logon session for the user using the `Logon"
T1134.004,Parent PID Spoofing,True,stealth|privilege-escalation,Windows,"Adversaries may spoof the parent process identifier (PPID) of a new process to evade process-monitoring defenses or to elevate privileges. New processes are typically spawned directly from their parent, or calling, process unless explicitly specified. One way of explicitly assign"
T1134.005,SID-History Injection,True,stealth|privilege-escalation,Windows,Adversaries may use SID-History Injection to escalate privileges and bypass access controls. The Windows security identifier (SID) is a unique value that identifies a user or group account. SIDs are used by Windows security in both security descriptors and access tokens. (Citatio
T1135,Network Share Discovery,False,discovery,Linux|macOS|Windows,Adversaries may look for folders and drives shared on remote systems as a means of identifying sources of information to gather as a precursor for Collection and to identify potential systems of interest for Lateral Movement. Networks often contain shared network drives and folde
T1136,Create Account,False,persistence,Windows|IaaS|Linux|macOS|Network Devices|Containers|SaaS|Office Suite|Identity Provider|ESXi,"Adversaries may create an account to maintain access to victim systems.(Citation: Symantec WastedLocker June 2020) With a sufficient level of access, creating such accounts may be used to establish secondary credentialed access that do not require persistent remote access tools t"
T1136.001,Local Account,True,persistence,Containers|ESXi|Linux|macOS|Network Devices|Windows,"Adversaries may create a local account to maintain access to victim systems. Local accounts are those configured by an organization for use by users, remote support, services, or for administration on a single system or service. "
T1136.002,Domain Account,True,persistence,Linux|macOS|Windows,Adversaries may create a domain account to maintain access to victim systems. Domain accounts are those managed by Active Directory Domain Services where access and permissions are configured across systems and services that are part of that domain. Domain accounts can cover user
T1136.003,Cloud Account,True,persistence,IaaS|SaaS|Office Suite|Identity Provider,"Adversaries may create a cloud account to maintain access to victim systems. With a sufficient level of access, such accounts may be used to establish secondary credentialed access that does not require persistent remote access tools to be deployed on the system.(Citation: Micros"
T1137,Office Application Startup,False,persistence,Windows|Office Suite,Adversaries may leverage Microsoft Office-based applications for persistence between startups. Microsoft Office is a fairly common application suite on Windows-based operating systems within an enterprise network. There are multiple mechanisms that can be used with Office for per
T1137.001,Office Template Macros,True,persistence,Office Suite|Windows,Adversaries may abuse Microsoft Office templates to obtain persistence on a compromised system. Microsoft Office contains templates that are part of common Office applications and are used to customize styles. The base templates within the application are used each time an applic
T1137.002,Office Test,True,persistence,Windows|Office Suite,"Adversaries may abuse the Microsoft Office ""Office Test"" Registry key to obtain persistence on a compromised system. An Office Test Registry location exists that allows a user to specify an arbitrary DLL that will be executed every time an Office application is started. This Regi"
T1137.003,Outlook Forms,True,persistence,Windows|Office Suite,Adversaries may abuse Microsoft Outlook forms to obtain persistence on a compromised system. Outlook forms are used as templates for presentation and functionality in Outlook messages. Custom Outlook forms can be created that will execute code when a specifically crafted email is
T1137.004,Outlook Home Page,True,persistence,Windows|Office Suite,Adversaries may abuse Microsoft Outlook's Home Page feature to obtain persistence on a compromised system. Outlook Home Page is a legacy feature used to customize the presentation of Outlook folders. This feature allows for an internal or external URL to be loaded and presented w
T1137.005,Outlook Rules,True,persistence,Windows|Office Suite,"Adversaries may abuse Microsoft Outlook rules to obtain persistence on a compromised system. Outlook rules allow a user to define automated behavior to manage email messages. A benign rule might, for example, automatically move an email to a particular folder in Outlook if it con"
T1137.006,Add-ins,True,persistence,Windows|Office Suite,Adversaries may abuse Microsoft Office add-ins to obtain persistence on a compromised system. Office add-ins can be used to add functionality to Office programs. (Citation: Microsoft Office Add-ins) There are different types of add-ins that can be used by the various Office produ
T1140,Deobfuscate/Decode Files or Information,False,stealth,ESXi|Linux|macOS|Windows,Adversaries may use [Obfuscated Files or Information](https://attack.mitre.org/techniques/T1027) to hide artifacts of an intrusion from analysis. They may require separate mechanisms to decode or deobfuscate that information depending on how they intend to use it. Methods for doi
T1176,Software Extensions,False,persistence,Linux|macOS|Windows,"Adversaries may abuse software extensions to establish persistent access to victim systems. Software extensions are modular components that enhance or customize the functionality of software applications, including web browsers, Integrated Development Environments (IDEs), and oth"
T1176.001,Browser Extensions,True,persistence,Linux|Windows|macOS,Adversaries may abuse internet browser extensions to establish persistent access to victim systems. Browser extensions or plugins are small programs that can add functionality to and customize aspects of internet browsers. They can be installed directly via a local file or custom
T1176.002,IDE Extensions,True,persistence,Linux|macOS|Windows,"Adversaries may abuse an integrated development environment (IDE) extension to establish persistent access to victim systems.(Citation: Mnemonic misuse visual studio) IDEs such as Visual Studio Code, IntelliJ IDEA, and Eclipse support extensions - software components that add fea"
T1185,Browser Session Hijacking,False,collection,Windows,"Adversaries may take advantage of security vulnerabilities and inherent functionality in browser software to change content, modify user-behaviors, and intercept information as part of various browser session hijacking techniques.(Citation: Wikipedia Man in the Browser)"
T1187,Forced Authentication,False,credential-access,Windows,Adversaries may gather credential material by invoking or forcing a user to automatically provide authentication information through a mechanism in which they can intercept.
T1189,Drive-by Compromise,False,initial-access,Identity Provider|Linux|macOS|Windows,"Adversaries may gain access to a system through a user visiting a website over the normal course of browsing. Multiple ways of delivering exploit code to a browser exist (i.e., [Drive-by Target](https://attack.mitre.org/techniques/T1608/004)), including:"
T1190,Exploit Public-Facing Application,False,initial-access,Containers|ESXi|IaaS|Linux|macOS|Network Devices|Windows,"Adversaries may attempt to exploit a weakness in an Internet-facing host or system to initially access a network. The weakness in the system can be a software bug, a temporary glitch, or a misconfiguration."
T1195,Supply Chain Compromise,False,initial-access,Linux|Windows|macOS|SaaS,Adversaries may manipulate products or product delivery mechanisms prior to receipt by a final consumer for the purpose of data or system compromise.
T1195.001,Compromise Software Dependencies and Development Tools,True,initial-access,Linux|macOS|Windows,Adversaries may manipulate software dependencies and development tools prior to receipt by a final consumer for the purpose of data or system compromise. Applications often depend on external software to function properly. Popular open source projects that are used as dependencie
T1195.002,Compromise Software Supply Chain,True,initial-access,Linux|Windows|macOS,"Adversaries may manipulate application software prior to receipt by a final consumer for the purpose of data or system compromise. Supply chain compromise of software can take place in a number of ways, including manipulation of the application source code, manipulation of the up"
T1195.003,Compromise Hardware Supply Chain,True,initial-access,Linux|macOS|Windows,"Adversaries may manipulate hardware components in products prior to receipt by a final consumer for the purpose of data or system compromise. By modifying hardware or firmware in the supply chain, adversaries can insert a backdoor into consumer networks that may be difficult to d"
T1197,BITS Jobs,False,stealth|persistence|execution,Windows,"Adversaries may abuse BITS jobs to persistently execute code and perform various background tasks. Windows Background Intelligent Transfer Service (BITS) is a low-bandwidth, asynchronous file transfer mechanism exposed through [Component Object Model](https://attack.mitre.org/tec"
T1199,Trusted Relationship,False,initial-access,IaaS|Identity Provider|Linux|macOS|Office Suite|SaaS|Windows,Adversaries may breach or otherwise leverage organizations who have access to intended victims. Access through trusted third party relationship abuses an existing connection that may not be protected or receives less scrutiny than standard mechanisms of gaining access to a networ
T1200,Hardware Additions,False,initial-access,Windows|Linux|macOS,"Adversaries may physically introduce computer accessories, networking hardware, or other computing devices into a system or network that can be used as a vector to gain access. Rather than just connecting and distributing payloads via removable storage (i.e. [Replication Through "
T1201,Password Policy Discovery,False,discovery,Windows|Linux|macOS|IaaS|Network Devices|Identity Provider|SaaS|Office Suite,Adversaries may attempt to access detailed information about the password policy used within an enterprise network or cloud environment. Password policies are a way to enforce complex passwords that are difficult to guess or crack through [Brute Force](https://attack.mitre.org/te
T1202,Indirect Command Execution,False,stealth,Windows,"Adversaries may abuse utilities that allow for command execution to bypass security restrictions that limit the use of command-line interpreters. Various Windows utilities may be used to execute commands, possibly without invoking [cmd](https://attack.mitre.org/software/S0106). F"
T1203,Exploitation for Client Execution,False,execution,Linux|macOS|Windows,Adversaries may exploit software vulnerabilities in client applications to execute code. Vulnerabilities can exist in software due to unsecure coding practices that can lead to unanticipated behavior. Adversaries can take advantage of certain vulnerabilities through targeted expl
T1204,User Execution,False,execution,Linux|Windows|macOS|IaaS|Containers,"An adversary may rely upon specific actions by a user in order to gain execution. Users may be subjected to social engineering to get them to execute malicious code by, for example, opening a malicious document file or link. These user actions will typically be observed as follow"
T1204.001,Malicious Link,True,execution,Linux|macOS|Windows,An adversary may rely upon a user clicking a malicious link in order to gain execution. Users may be subjected to social engineering to get them to click on a link that will lead to code execution. This user action will typically be observed as follow-on behavior from [Spearphish
T1204.002,Malicious File,True,execution,Linux|macOS|Windows,An adversary may rely upon a user opening a malicious file in order to gain execution. Users may be subjected to social engineering to get them to open a file that will lead to code execution. This user action will typically be observed as follow-on behavior from [Spearphishing A
T1204.003,Malicious Image,True,execution,IaaS|Containers,"Adversaries may rely on a user running a malicious image to facilitate execution. Amazon Web Services (AWS) Amazon Machine Images (AMIs), Google Cloud Platform (GCP) Images, and Azure Images as well as popular container runtimes such as Docker can be backdoored. Backdoored images"
T1204.004,Malicious Copy and Paste,True,execution,Linux|macOS|Windows,An adversary may rely upon a user copying and pasting code in order to gain execution. Users may be subjected to social engineering to get them to copy and paste code directly into a [Command and Scripting Interpreter](https://attack.mitre.org/techniques/T1059). One such strategy
T1204.005,Malicious Library,True,execution,Linux|macOS|Windows,"Adversaries may rely on a user installing a malicious library to facilitate execution. Threat actors may [Upload Malware](https://attack.mitre.org/techniques/T1608/001) to package managers such as NPM and PyPi, as well as to public code repositories such as GitHub. User may insta"
T1205,Traffic Signaling,False,stealth|persistence|command-and-control,Linux|macOS|Network Devices|Windows,"Adversaries may use traffic signaling to hide open ports or other malicious functionality used for persistence or command and control. Traffic signaling involves the use of a magic value or sequence that must be sent to a system to trigger a special response, such as opening a cl"
T1205.001,Port Knocking,True,stealth|persistence|command-and-control,Linux|macOS|Network Devices|Windows,"Adversaries may use port knocking to hide open ports used for persistence or command and control. To enable a port, an adversary sends a series of attempted connections to a predefined sequence of closed ports. After the sequence is completed, opening a port is often accomplished"
T1205.002,Socket Filters,True,stealth|persistence|command-and-control,Linux|macOS|Windows,"Adversaries may attach filters to a network socket to monitor then activate backdoors used for persistence or command and control. With elevated permissions, adversaries can use features such as the `libpcap` library to open sockets and install filters to allow or disallow certai"
T1207,Rogue Domain Controller,False,defense-impairment,Windows,"Adversaries may register a rogue Domain Controller to enable manipulation of Active Directory data. DCShadow may be used to create a rogue Domain Controller (DC). DCShadow is a method of manipulating Active Directory (AD) data, including objects and schemas, by registering (or re"
T1210,Exploitation of Remote Services,False,lateral-movement,Linux|Windows|macOS|ESXi,"Adversaries may exploit remote services to gain unauthorized access to internal systems once inside of a network. Exploitation of a software vulnerability occurs when an adversary takes advantage of a programming error in a program, service, or within the operating system softwar"
T1211,Exploitation for Stealth,False,stealth,Linux|Windows|macOS|SaaS|IaaS,"Adversaries may exploit vulnerabilities to evade detection by hiding activity, suppressing logging, or operating within trusted or unmonitored components. "
T1212,Exploitation for Credential Access,False,credential-access,Linux|Windows|macOS|Identity Provider,"Adversaries may exploit software vulnerabilities in an attempt to collect credentials. Exploitation of a software vulnerability occurs when an adversary takes advantage of a programming error in a program, service, or within the operating system software or kernel itself to execu"
T1213,Data from Information Repositories,False,collection,Linux|Windows|macOS|SaaS|IaaS|Office Suite,"Adversaries may leverage information repositories to mine valuable information. Information repositories are tools that allow for storage of information, typically to facilitate collaboration or information sharing between users, and can store a wide variety of data that may aid "
T1213.001,Confluence,True,collection,SaaS,
T1213.002,Sharepoint,True,collection,Office Suite|Windows,"Adversaries may leverage the SharePoint repository as a source to mine valuable information. SharePoint will often contain useful information for an adversary to learn about the structure and functionality of the internal network and systems. For example, the following is a list "
T1213.003,Code Repositories,True,collection,SaaS,"Adversaries may leverage code repositories to collect valuable information. Code repositories are tools/services that store source code and automate software builds. They may be hosted internally or privately on third party sites such as Github, GitLab, SourceForge, and BitBucket"
T1213.004,Customer Relationship Management Software,True,collection,SaaS,"Adversaries may leverage Customer Relationship Management (CRM) software to mine valuable information. CRM software is used to assist organizations in tracking and managing customer interactions, as well as storing customer data."
T1213.005,Messaging Applications,True,collection,Office Suite|SaaS,"Adversaries may leverage chat and messaging applications, such as Microsoft Teams, Google Chat, and Slack, to mine valuable information.  "
T1213.006,Databases,True,collection,IaaS|Linux|macOS|SaaS|Windows,Adversaries may leverage databases to mine valuable information. These databases may be hosted on-premises or in the cloud (both in platform-as-a-service and software-as-a-service environments). 
T1216,System Script Proxy Execution,False,stealth,Windows,"Adversaries may use trusted scripts, often signed with certificates, to proxy the execution of malicious files. Several Microsoft signed scripts that have been downloaded from Microsoft or are default on Windows installations can be used to proxy execution of other files.(Citatio"
T1216.001,PubPrn,True,stealth,Windows,Adversaries may use PubPrn to proxy execution of malicious remote files. PubPrn.vbs is a [Visual Basic](https://attack.mitre.org/techniques/T1059/005) script that publishes a printer to Active Directory Domain Services. The script may be signed by Microsoft and is commonly execut
T1216.002,SyncAppvPublishingServer,True,stealth,Windows,Adversaries may abuse SyncAppvPublishingServer.vbs to proxy execution of malicious [PowerShell](https://attack.mitre.org/techniques/T1059/001) commands. SyncAppvPublishingServer.vbs is a Visual Basic script associated with how Windows virtualizes applications (Microsoft Applicati
T1217,Browser Information Discovery,False,discovery,Linux|macOS|Windows,"Adversaries may enumerate information about browsers to learn more about compromised environments. Data saved by browsers (such as bookmarks, accounts, and browsing history) may reveal a variety of personal information about users (e.g., banking sites, relationships/interests, so"
T1218,System Binary Proxy Execution,False,stealth,Linux|macOS|Windows,"Adversaries may bypass process and/or signature-based defenses by proxying execution of malicious content with signed, or otherwise trusted, binaries. Binaries used in this technique are often Microsoft-signed files, indicating that they have been either downloaded from Microsoft"
T1218.001,Compiled HTML File,True,stealth,Windows,"Adversaries may abuse Compiled HTML files (.chm) to conceal malicious code. CHM files are commonly distributed as part of the Microsoft HTML Help system. CHM files are compressed compilations of various content such as HTML documents, images, and scripting/web related programming"
T1218.002,Control Panel,True,stealth,Windows,"Adversaries may abuse control.exe to proxy execution of malicious payloads. The Windows Control Panel process binary (control.exe) handles execution of Control Panel items, which are utilities that allow users to view and adjust computer settings."
T1218.003,CMSTP,True,stealth,Windows,Adversaries may abuse CMSTP to proxy execution of malicious code. The Microsoft Connection Manager Profile Installer (CMSTP.exe) is a command-line program used to install Connection Manager service profiles. (Citation: Microsoft Connection Manager Oct 2009) CMSTP.exe accepts an i
T1218.004,InstallUtil,True,stealth,Windows,Adversaries may use InstallUtil to proxy execution of code through a trusted Windows utility. InstallUtil is a command-line utility that allows for installation and uninstallation of resources by executing specific installer components specified in .NET binaries. (Citation: MSDN 
T1218.005,Mshta,True,stealth,Windows,Adversaries may abuse mshta.exe to proxy execution of malicious .hta files and Javascript or VBScript through a trusted Windows utility. There are several examples of different types of threats leveraging mshta.exe during initial compromise and for execution of code (Citation: Cy
T1218.007,Msiexec,True,stealth,Windows,Adversaries may abuse msiexec.exe to proxy execution of malicious payloads. Msiexec.exe is the command-line utility for the Windows Installer and is thus commonly associated with executing installation packages (.msi).(Citation: Microsoft msiexec) The Msiexec.exe binary may also 
T1218.008,Odbcconf,True,stealth,Windows,Adversaries may abuse odbcconf.exe to proxy execution of malicious payloads. Odbcconf.exe is a Windows utility that allows you to configure Open Database Connectivity (ODBC) drivers and data source names.(Citation: Microsoft odbcconf.exe) The Odbcconf.exe binary may be digitally 
T1218.009,Regsvcs/Regasm,True,stealth,Windows,Adversaries may abuse Regsvcs and Regasm to proxy execution of code through a trusted Windows utility. Regsvcs and Regasm are Windows command-line utilities that are used to register .NET [Component Object Model](https://attack.mitre.org/techniques/T1559/001) (COM) assemblies. Bo
T1218.010,Regsvr32,True,stealth,Windows,"Adversaries may abuse Regsvr32.exe to proxy execution of malicious code. Regsvr32.exe is a command-line program used to register and unregister object linking and embedding controls, including dynamic link libraries (DLLs), on Windows systems. The Regsvr32.exe binary may also be "
T1218.011,Rundll32,True,stealth,Windows,"Adversaries may abuse rundll32.exe to proxy execution of malicious code. Using rundll32.exe, vice executing directly (i.e. [Shared Modules](https://attack.mitre.org/techniques/T1129)), may avoid triggering security tools that may not monitor execution of the rundll32.exe process "
T1218.012,Verclsid,True,stealth,Windows,Adversaries may abuse verclsid.exe to proxy execution of malicious code. Verclsid.exe is known as the Extension CLSID Verification Host and is responsible for verifying each shell extension before they are used by Windows Explorer or the Windows Shell.(Citation: WinOSBite verclsi
T1218.013,Mavinject,True,stealth,Windows,"Adversaries may abuse mavinject.exe to proxy execution of malicious code. Mavinject.exe is the Microsoft Application Virtualization Injector, a Windows utility that can inject code into external processes as part of Microsoft Application Virtualization (App-V).(Citation: LOLBAS M"
T1218.014,MMC,True,stealth,Windows,Adversaries may abuse mmc.exe to proxy execution of malicious .msc files. Microsoft Management Console (MMC) is a binary that may be signed by Microsoft and is used in several ways in either its GUI or in a command prompt.(Citation: win_mmc)(Citation: what_is_mmc) MMC can be used
T1218.015,Electron Applications,True,stealth,Linux|macOS|Windows,"Adversaries may abuse components of the Electron framework to execute malicious code. The Electron framework hosts many common applications such as Signal, Slack, and Microsoft Teams.(Citation: Electron 2) Originally developed by GitHub, Electron is a cross-platform desktop appli"
T1219,Remote Access Tools,False,command-and-control,Linux|macOS|Windows,"An adversary may use legitimate remote access tools to establish an interactive command and control channel within a network. Remote access tools create a session between two trusted hosts through a graphical interface, a command line interaction, a protocol tunnel via developmen"
T1219.001,IDE Tunneling,True,command-and-control,Linux|macOS|Windows,"Adversaries may abuse Integrated Development Environment (IDE) software with remote development features to establish an interactive command and control channel on target systems within a network. IDE tunneling combines SSH, port forwarding, file sharing, and debugging into a sin"
T1219.002,Remote Desktop Software,True,command-and-control,Linux|macOS|Windows,"An adversary may use legitimate desktop support software to establish an interactive command and control channel to target systems within networks. Desktop support software provides a graphical interface for remotely controlling another computer, transmitting the display output, "
T1219.003,Remote Access Hardware,True,command-and-control,Linux|macOS|Windows,"An adversary may use legitimate remote access hardware to establish an interactive command and control channel to target systems within networks. These services, including IP-based keyboard, video, or mouse (KVM) devices such as TinyPilot and PiKVM, are commonly used as legitimat"
T1220,XSL Script Processing,False,stealth,Windows,"Adversaries may bypass application control and obscure execution of code by embedding scripts inside XSL files. Extensible Stylesheet Language (XSL) files are commonly used to describe the processing and rendering of data within XML files. To support complex operations, the XSL s"
T1221,Template Injection,False,stealth,Windows,"Adversaries may create or modify references in user document templates to conceal malicious code or force authentication attempts. For example, Microsoft’s Office Open XML (OOXML) specification defines an XML-based format for Office documents (.docx, xlsx, .pptx) to replace older"
T1222,File and Directory Permissions Modification,False,defense-impairment,ESXi|Linux|macOS|Windows,Adversaries may modify file or directory permissions/attributes to evade access control lists (ACLs) and access protected files.(Citation: Hybrid Analysis Icacls1 June 2018)(Citation: Hybrid Analysis Icacls2 May 2018) File and directory permissions are commonly managed by ACLs co
T1222.001,Windows Permissions,True,defense-impairment,Windows,Adversaries may modify file or directory permissions/attributes to evade access control lists (ACLs) and access protected files.(Citation: Hybrid Analysis Icacls1 June 2018)(Citation: Hybrid Analysis Icacls2 May 2018) File and directory permissions are commonly managed by ACLs co
T1222.002,Linux and Mac Permissions,True,defense-impairment,Linux|macOS,Adversaries may modify file or directory permissions/attributes to evade access control lists (ACLs) and access protected files.(Citation: Hybrid Analysis Icacls1 June 2018)(Citation: Hybrid Analysis Icacls2 May 2018) File and directory permissions are commonly managed by ACLs co
T1480,Execution Guardrails,False,stealth,ESXi|Linux|macOS|Windows,Adversaries may use execution guardrails to constrain execution or actions based on adversary supplied and environment specific conditions that are expected to be present on the target. Guardrails ensure that a payload only executes against an intended target and reduces collater
T1480.001,Environmental Keying,True,stealth,Linux|Windows|macOS,Adversaries may environmentally key payloads or other features of malware to evade defenses and constraint execution to a specific target environment. Environmental keying uses cryptography to constrain execution or actions based on adversary supplied environment specific conditi
T1480.002,Mutual Exclusion,True,stealth,Linux|macOS|Windows,Adversaries may constrain execution or actions based on the presence of a mutex associated with malware. A mutex is a locking mechanism used to synchronize access to a resource. Only one thread or process can acquire a mutex at a given time.(Citation: Microsoft Mutexes)
T1482,Domain Trust Discovery,False,discovery,Windows,Adversaries may attempt to gather information on domain trust relationships that may be used to identify lateral movement opportunities in Windows multi-domain/forest environments. Domain trusts provide a mechanism for a domain to allow access to resources based on the authentica
T1484,Domain or Tenant Policy Modification,False,defense-impairment|privilege-escalation,Windows|Identity Provider,"Adversaries may modify the configuration settings of a domain or identity tenant to evade defenses and/or escalate privileges in centrally managed environments. Such services provide a centralized means of managing identity resources such as devices and accounts, and often includ"
T1484.001,Group Policy Modification,True,defense-impairment|privilege-escalation,Windows,"Adversaries may modify Group Policy Objects (GPOs) to subvert the intended discretionary access controls for a domain, usually with the intention of escalating privileges on the domain. Group policy allows for centralized management of user and computer settings in Active Directo"
T1484.002,Trust Modification,True,defense-impairment|privilege-escalation,Identity Provider|Windows,"Adversaries may add new domain trusts, modify the properties of existing domain trusts, or otherwise change the configuration of trust relationships between domains and tenants to evade defenses and/or elevate privileges.Trust details, such as whether or not user identities are f"
T1485,Data Destruction,False,impact,Containers|ESXi|IaaS|Linux|macOS|Windows,"Adversaries may destroy data and files on specific systems or in large numbers on a network to interrupt availability to systems, services, and network resources. Data destruction is likely to render stored data irrecoverable by forensic techniques through overwriting files or da"
T1485.001,Lifecycle-Triggered Deletion,True,impact,IaaS,Adversaries may modify the lifecycle policies of a cloud storage bucket to destroy all objects stored within.  
T1486,Data Encrypted for Impact,False,impact,ESXi|IaaS|Linux|macOS|Windows,Adversaries may encrypt data on target systems or on large numbers of systems in a network to interrupt availability to system and network resources. They can attempt to render stored data inaccessible by encrypting files or data on local and remote drives and withholding access 
T1489,Service Stop,False,impact,ESXi|IaaS|Linux|macOS|Windows,Adversaries may stop or disable services on a system to render those services unavailable to legitimate users. Stopping critical services or processes can inhibit or stop response to an incident or aid in the adversary's overall objectives to cause damage to the environment.(Cita
T1490,Inhibit System Recovery,False,impact,Containers|ESXi|IaaS|Linux|macOS|Network Devices|Windows,Adversaries may delete or remove built-in data and turn off services designed to aid in the recovery of a corrupted system to prevent recovery.(Citation: Talos Olympic Destroyer 2018)(Citation: FireEye WannaCry 2017) This may deny access to available backups and recovery options.
T1491,Defacement,False,impact,Windows|IaaS|Linux|macOS|ESXi,"Adversaries may modify visual content available internally or externally to an enterprise network, thus affecting the integrity of the original content. Reasons for [Defacement](https://attack.mitre.org/techniques/T1491) include delivering messaging, intimidation, or claiming (po"
T1491.001,Internal Defacement,True,impact,ESXi|Linux|macOS|Windows,"An adversary may deface systems internal to an organization in an attempt to intimidate or mislead users, thus discrediting the integrity of the systems. This may take the form of modifications to internal websites or server login messages, or directly to user systems with the re"
T1491.002,External Defacement,True,impact,Windows|IaaS|Linux|macOS,"An adversary may deface systems external to an organization in an attempt to deliver messaging, intimidate, or otherwise mislead an organization or users. [External Defacement](https://attack.mitre.org/techniques/T1491/002) may ultimately cause users to distrust the systems and t"
T1495,Firmware Corruption,False,impact,Linux|macOS|Network Devices|Windows,"Adversaries may overwrite or corrupt the flash memory contents of system BIOS or other firmware in devices attached to a system in order to render them inoperable or unable to boot, thus denying the availability to use the devices and/or the system.(Citation: Symantec Chernobyl W"
T1496,Resource Hijacking,False,impact,Windows|IaaS|Linux|macOS|Containers|SaaS,"Adversaries may leverage the resources of co-opted systems to complete resource-intensive tasks, which may impact system and/or hosted service availability. "
T1496.001,Compute Hijacking,True,impact,Windows|IaaS|Linux|macOS|Containers,"Adversaries may leverage the compute resources of co-opted systems to complete resource-intensive tasks, which may impact system and/or hosted service availability. "
T1496.002,Bandwidth Hijacking,True,impact,Linux|Windows|macOS|IaaS|Containers,"Adversaries may leverage the network bandwidth resources of co-opted systems to complete resource-intensive tasks, which may impact system and/or hosted service availability. "
T1496.003,SMS Pumping,True,impact,SaaS,"Adversaries may leverage messaging services for SMS pumping, which may impact system and/or hosted service availability.(Citation: Twilio SMS Pumping) SMS pumping is a type of telecommunications fraud whereby a threat actor first obtains a set of phone numbers from a telecommunic"
T1496.004,Cloud Service Hijacking,True,impact,SaaS,"Adversaries may leverage compromised software-as-a-service (SaaS) applications to complete resource-intensive tasks, which may impact hosted service availability. "
T1497,Virtualization/Sandbox Evasion,False,stealth|discovery,Linux|macOS|Windows,Adversaries may employ various means to detect and avoid virtualization and analysis environments. This may include changing behaviors based on the results of checks for the presence of artifacts indicative of a virtual machine environment (VME) or sandbox. If the adversary detec
T1497.001,System Checks,True,stealth|discovery,Linux|macOS|Windows,Adversaries may employ various system checks to detect and avoid virtualization and analysis environments. This may include changing behaviors based on the results of checks for the presence of artifacts indicative of a virtual machine environment (VME) or sandbox. If the adversa
T1497.002,User Activity Based Checks,True,stealth|discovery,Linux|macOS|Windows,Adversaries may employ various user activity checks to detect and avoid virtualization and analysis environments. This may include changing behaviors based on the results of checks for the presence of artifacts indicative of a virtual machine environment (VME) or sandbox. If the 
T1497.003,Time Based Checks,True,stealth|discovery,Linux|macOS|Windows,"Adversaries may employ various time-based methods to detect virtualization and analysis environments, particularly those that attempt to manipulate time mechanisms to simulate longer elapses of time. This may include enumerating time-based properties, such as uptime or the system"
T1498,Network Denial of Service,False,impact,Windows|IaaS|Linux|macOS|Containers,"Adversaries may perform Network Denial of Service (DoS) attacks to degrade or block the availability of targeted resources to users. Network DoS can be performed by exhausting the network bandwidth services rely on. Example resources include specific websites, email services, DNS"
T1498.001,Direct Network Flood,True,impact,Windows|IaaS|Linux|macOS,Adversaries may attempt to cause a denial of service (DoS) by directly sending a high-volume of network traffic to a target. This DoS attack may also reduce the availability and functionality of the targeted system(s) and network. [Direct Network Flood](https://attack.mitre.org/t
T1498.002,Reflection Amplification,True,impact,Windows|IaaS|Linux|macOS,Adversaries may attempt to cause a denial of service (DoS) by reflecting a high-volume of network traffic to a target. This type of Network DoS takes advantage of a third-party server intermediary that hosts and will respond to a given spoofed source IP address. This third-party 
T1499,Endpoint Denial of Service,False,impact,Windows|Linux|macOS|Containers|IaaS,Adversaries may perform Endpoint Denial of Service (DoS) attacks to degrade or block the availability of services to users. Endpoint DoS can be performed by exhausting the system resources those services are hosted on or exploiting the system to cause a persistent crash condition
T1499.001,OS Exhaustion Flood,True,impact,Linux|macOS|Windows,Adversaries may launch a denial of service (DoS) attack targeting an endpoint's operating system (OS). A system's OS is responsible for managing the finite resources as well as preventing the entire system from being overwhelmed by excessive demands on its capacity. These attacks
T1499.002,Service Exhaustion Flood,True,impact,Windows|IaaS|Linux|macOS,"Adversaries may target the different network services provided by systems to conduct a denial of service (DoS). Adversaries often target the availability of DNS and web services, however others have been targeted as well.(Citation: Arbor AnnualDoSreport Jan 2018) Web server softw"
T1499.003,Application Exhaustion Flood,True,impact,Windows|IaaS|Linux|macOS,"Adversaries may target resource intensive features of applications to cause a denial of service (DoS), denying availability to those applications. For example, specific features in web applications may be highly resource intensive. Repeated requests to those features may be able "
T1499.004,Application or System Exploitation,True,impact,Windows|IaaS|Linux|macOS,"Adversaries may exploit software vulnerabilities that can cause an application or system to crash and deny availability to users. (Citation: Sucuri BIND9 August 2015) Some systems may automatically restart critical applications and services when crashes occur, but they can likely"
T1505,Server Software Component,False,persistence,Windows|Linux|macOS|Network Devices|ESXi,Adversaries may abuse legitimate extensible development features of servers to establish persistent access to systems. Enterprise server applications may include features that allow developers to write and install software or scripts to extend the functionality of the main applic
T1505.001,SQL Stored Procedures,True,persistence,Windows|Linux,Adversaries may abuse SQL stored procedures to establish persistent access to systems. SQL Stored Procedures are code that can be saved and reused so that database users do not waste time rewriting frequently used SQL queries. Stored procedures can be invoked via SQL statements t
T1505.002,Transport Agent,True,persistence,Linux|Windows,"Adversaries may abuse Microsoft transport agents to establish persistent access to systems. Microsoft Exchange transport agents can operate on email messages passing through the transport pipeline to perform various tasks such as filtering spam, filtering malicious attachments, j"
T1505.003,Web Shell,True,persistence,Linux|macOS|Network Devices|Windows,Adversaries may backdoor web servers with web shells to establish persistent access to systems. A Web shell is a Web script that is placed on an openly accessible Web server to allow an adversary to access the Web server as a gateway into a network. A Web shell may provide a set 
T1505.004,IIS Components,True,persistence,Windows,"Adversaries may install malicious components that run on Internet Information Services (IIS) web servers to establish persistence. IIS provides several mechanisms to extend the functionality of the web servers. For example, Internet Server Application Programming Interface (ISAPI"
T1505.005,Terminal Services DLL,True,persistence,Windows,"Adversaries may abuse components of Terminal Services to enable persistent access to systems. Microsoft Terminal Services, renamed to Remote Desktop Services in some Windows Server OSs as of 2022, enable remote terminal connections to hosts. Terminal Services allows servers to tr"
T1505.006,vSphere Installation Bundles,True,persistence,ESXi,Adversaries may abuse vSphere Installation Bundles (VIBs) to establish persistent access to ESXi hypervisors. VIBs are collections of files used for software distribution and virtual system management in VMware environments. Since ESXi uses an in-memory filesystem where changes m
T1518,Software Discovery,False,discovery,ESXi|IaaS|Linux|macOS|Windows,Adversaries may attempt to get a listing of software and software versions that are installed on a system or in a cloud environment. Adversaries may use the information from [Software Discovery](https://attack.mitre.org/techniques/T1518) during automated discovery to shape follow
T1518.001,Security Software Discovery,True,discovery,IaaS|Linux|macOS|Windows,"Adversaries may attempt to get a listing of security software, configurations, defensive tools, and sensors that are installed on a system or in a cloud environment. This may include things such as cloud monitoring agents and anti-virus. Adversaries may use the information from ["
T1518.002,Backup Software Discovery,True,discovery,Windows|macOS|Linux,"Adversaries may attempt to get a listing of backup software or configurations that are installed on a system. Adversaries may use this information to shape follow-on behaviors, such as [Data Destruction](https://attack.mitre.org/techniques/T1485), [Inhibit System Recovery](https:"
T1525,Implant Internal Image,False,persistence,IaaS|Containers,"Adversaries may implant cloud or container images with malicious code to establish persistence after gaining access to an environment. Amazon Web Services (AWS) Amazon Machine Images (AMIs), Google Cloud Platform (GCP) Images, and Azure Images as well as popular container runtime"
T1526,Cloud Service Discovery,False,discovery,IaaS|Identity Provider|Office Suite|SaaS,"An adversary may attempt to enumerate the cloud services running on a system after gaining access. These methods can differ from platform-as-a-service (PaaS), to infrastructure-as-a-service (IaaS), or software-as-a-service (SaaS). Many services exist throughout the various cloud "
T1528,Steal Application Access Token,False,credential-access,Containers|IaaS|Identity Provider|Office Suite|SaaS,Adversaries can steal application access tokens as a means of acquiring credentials to access remote systems and resources.
T1529,System Shutdown/Reboot,False,impact,ESXi|Linux|macOS|Network Devices|Windows,"Adversaries may shutdown/reboot systems to interrupt access to, or aid in the destruction of, those systems. Operating systems may contain commands to initiate a shutdown/reboot of a machine or network device. In some cases, these commands may also be used to initiate a shutdown/"
T1530,Data from Cloud Storage,False,collection,IaaS|Office Suite|SaaS,Adversaries may access data from cloud storage.
T1531,Account Access Removal,False,impact,Linux|macOS|Windows|SaaS|IaaS|Office Suite|ESXi,"Adversaries may interrupt availability of system and network resources by inhibiting access to accounts utilized by legitimate users. Accounts may be deleted, locked, or manipulated (ex: changed credentials, revoked permissions for SaaS platforms such as Sharepoint) to remove acc"
T1534,Internal Spearphishing,False,lateral-movement,Linux|macOS|Office Suite|SaaS|Windows,"After they already have access to accounts or systems within the environment, adversaries may use internal spearphishing to gain access to additional information or compromise other users within the same organization. Internal spearphishing is multi-staged campaign where a legiti"
T1535,Unused/Unsupported Cloud Regions,False,stealth,IaaS,Adversaries may create cloud instances in unused geographic service regions in order to evade detection. Access is usually obtained through compromising accounts used to manage cloud infrastructure.
T1537,Transfer Data to Cloud Account,False,exfiltration,IaaS|Office Suite|SaaS,"Adversaries may exfiltrate data by transferring the data, including through sharing/syncing and creating backups of cloud environments, to another cloud account they control on the same service."
T1538,Cloud Service Dashboard,False,discovery,IaaS|SaaS|Office Suite|Identity Provider,"An adversary may use a cloud service dashboard GUI with stolen credentials to gain useful information from an operational cloud environment, such as specific services, resources, and features. For example, the GCP Command Center can be used to view all assets, review findings of "
T1539,Steal Web Session Cookie,False,credential-access,Linux|macOS|Office Suite|SaaS|Windows,An adversary may steal web application or service session cookies and use them to gain access to web applications or Internet services as an authenticated user without needing credentials. Web applications and services often use session cookies as an authentication token after a 
T1542,Pre-OS Boot,False,stealth|persistence,Linux|macOS|Network Devices|Windows,"Adversaries may abuse Pre-OS Boot mechanisms as a way to establish persistence on a system. During the booting process of a computer, firmware and various startup services are loaded before the operating system. These programs control flow of execution before the operating system"
T1542.001,System Firmware,True,stealth|persistence,Network Devices|Windows,Adversaries may modify system firmware to persist on systems.The BIOS (Basic Input/Output System) and The Unified Extensible Firmware Interface (UEFI) or Extensible Firmware Interface (EFI) are examples of system firmware that operate as the software interface between the operati
T1542.002,Component Firmware,True,stealth|persistence,Windows|Linux|macOS,Adversaries may modify component firmware to persist on systems. Some adversaries may employ sophisticated means to compromise computer components and install malicious firmware that will execute adversary code outside of the operating system and main system firmware or BIOS. Thi
T1542.003,Bootkit,True,stealth|persistence,Linux|Windows,"Adversaries may use bootkits to persist on systems. A bootkit is a malware variant that modifies the boot sectors of a hard drive, allowing malicious code to execute before a computer's operating system has loaded. Bootkits reside at a layer below the operating system and may mak"
T1542.004,ROMMONkit,True,stealth|persistence,Network Devices,Adversaries may abuse the ROM Monitor (ROMMON) by loading an unauthorized firmware with adversary code to provide persistent access and manipulate device behavior that is difficult to detect. (Citation: Cisco Synful Knock Evolution)(Citation: Cisco Blog Legacy Device Attacks)
T1542.005,TFTP Boot,True,stealth|persistence,Network Devices,Adversaries may abuse netbooting to load an unauthorized network device operating system from a Trivial File Transfer Protocol (TFTP) server. TFTP boot (netbooting) is commonly used by network administrators to load configuration-controlled network device images from a centralize
T1543,Create or Modify System Process,False,persistence|privilege-escalation,Containers|Linux|macOS|Windows,"Adversaries may create or modify system-level processes to repeatedly execute malicious payloads as part of persistence. When operating systems boot up, they can start processes that perform background system functions. On Windows and Linux, these system processes are referred to"
T1543.001,Launch Agent,True,persistence|privilege-escalation,macOS,"Adversaries may create or modify launch agents to repeatedly execute malicious payloads as part of persistence. When a user logs in, a per-user launchd process is started which loads the parameters for each launch-on-demand user agent from the property list (.plist) file found in"
T1543.002,Systemd Service,True,persistence|privilege-escalation,Linux,Adversaries may create or modify systemd services to repeatedly execute malicious payloads as part of persistence. Systemd is a system and service manager commonly used for managing background daemon processes (also known as services) and other system resources.(Citation: Linux m
T1543.003,Windows Service,True,persistence|privilege-escalation,Windows,"Adversaries may create or modify Windows services to repeatedly execute malicious payloads as part of persistence. When Windows boots up, it starts programs or applications called services that perform background system functions.(Citation: TechNet Services) Windows service confi"
T1543.004,Launch Daemon,True,persistence|privilege-escalation,macOS,"Adversaries may create or modify Launch Daemons to execute malicious payloads as part of persistence. Launch Daemons are plist files used to interact with Launchd, the service management framework used by macOS. Launch Daemons require elevated privileges to install, are executed "
T1543.005,Container Service,True,persistence|privilege-escalation,Containers,"Adversaries may create or modify container or container cluster management tools that run as daemons, agents, or services on individual hosts. These include software for creating and managing individual containers, such as Docker and Podman, as well as container cluster node-leve"
T1546,Event Triggered Execution,False,privilege-escalation|persistence,Linux|macOS|Windows|SaaS|IaaS|Office Suite,Adversaries may establish persistence and/or elevate privileges using system mechanisms that trigger execution based on specific events. Various operating systems have means to monitor and subscribe to events such as logons or other user activity such as running specific applicat
T1546.001,Change Default File Association,True,privilege-escalation|persistence,Windows,"Adversaries may establish persistence by executing malicious content triggered by a file type association. When a file is opened, the default program used to open the file (also called the file association or handler) is checked. File association selections are stored in the Wind"
T1546.002,Screensaver,True,privilege-escalation|persistence,Windows,Adversaries may establish persistence by executing malicious content triggered by user inactivity. Screensavers are programs that execute after a configurable time of user inactivity and consist of Portable Executable (PE) files with a .scr file extension.(Citation: Wikipedia Scr
T1546.003,Windows Management Instrumentation Event Subscription,True,privilege-escalation|persistence,Windows,"Adversaries may establish persistence and elevate privileges by executing malicious content triggered by a Windows Management Instrumentation (WMI) event subscription. WMI can be used to install event filters, providers, consumers, and bindings that execute code when a defined ev"
T1546.004,Unix Shell Configuration Modification,True,privilege-escalation|persistence,Linux|macOS,"Adversaries may establish persistence through executing malicious commands triggered by a user’s shell. User [Unix Shell](https://attack.mitre.org/techniques/T1059/004)s execute several configuration scripts at different points throughout the session based on events. For example,"
T1546.005,Trap,True,privilege-escalation|persistence,macOS|Linux,Adversaries may establish persistence by executing malicious content triggered by an interrupt signal. The <code>trap</code> command allows programs and shells to specify commands that will be executed upon receiving interrupt signals. A common situation is a script allowing for 
T1546.006,LC_LOAD_DYLIB Addition,True,privilege-escalation|persistence,macOS,Adversaries may establish persistence by executing malicious content triggered by the execution of tainted binaries. Mach-O binaries have a series of headers that are used to perform certain operations when a binary is loaded. The LC_LOAD_DYLIB header in a Mach-O binary tells mac
T1546.007,Netsh Helper DLL,True,privilege-escalation|persistence,Windows,Adversaries may establish persistence by executing malicious content triggered by Netsh Helper DLLs. Netsh.exe (also referred to as Netshell) is a command-line scripting utility used to interact with the network configuration of a system. It contains functionality to add helper D
T1546.008,Accessibility Features,True,privilege-escalation|persistence,Windows,Adversaries may establish persistence and/or elevate privileges by executing malicious content triggered by accessibility features. Windows contains accessibility features that may be launched with a key combination before a user has logged in (ex: when the user is on the Windows
T1546.009,AppCert DLLs,True,privilege-escalation|persistence,Windows,Adversaries may establish persistence and/or elevate privileges by executing malicious content triggered by AppCert DLLs loaded into processes. Dynamic-link libraries (DLLs) that are specified in the <code>AppCertDLLs</code> Registry key under <code>HKEY_LOCAL_MACHINE\System\Curr
T1546.010,AppInit DLLs,True,privilege-escalation|persistence,Windows,Adversaries may establish persistence and/or elevate privileges by executing malicious content triggered by AppInit DLLs loaded into processes. Dynamic-link libraries (DLLs) that are specified in the <code>AppInit_DLLs</code> value in the Registry keys <code>HKEY_LOCAL_MACHINE\So
T1546.011,Application Shimming,True,privilege-escalation|persistence,Windows,Adversaries may establish persistence and/or elevate privileges by executing malicious content triggered by application shims. The Microsoft Windows Application Compatibility Infrastructure/Framework (Application Shim) was created to allow for backward compatibility of software a
T1546.012,Image File Execution Options Injection,True,privilege-escalation|persistence,Windows,"Adversaries may establish persistence and/or elevate privileges by executing malicious content triggered by Image File Execution Options (IFEO) debuggers. IFEOs enable a developer to attach a debugger to an application. When a process is created, a debugger present in an applicat"
T1546.013,PowerShell Profile,True,privilege-escalation|persistence,Windows,Adversaries may gain persistence and elevate privileges by executing malicious content triggered by PowerShell profiles. A PowerShell profile  (<code>profile.ps1</code>) is a script that runs when [PowerShell](https://attack.mitre.org/techniques/T1059/001) starts and can be used 
T1546.014,Emond,True,privilege-escalation|persistence,macOS,"Adversaries may gain persistence and elevate privileges by executing malicious content triggered by the Event Monitor Daemon (emond). Emond is a [Launch Daemon](https://attack.mitre.org/techniques/T1543/004) that accepts events from various services, runs them through a simple ru"
T1546.015,Component Object Model Hijacking,True,privilege-escalation|persistence,Windows,Adversaries may establish persistence by executing malicious content triggered by hijacked references to Component Object Model (COM) objects. COM is a system within Windows to enable interaction between software components through the operating system.(Citation: Microsoft Compon
T1546.016,Installer Packages,True,privilege-escalation|persistence,Linux|macOS|Windows,Adversaries may establish persistence and elevate privileges by using an installer to trigger the execution of malicious content. Installer packages are OS specific and contain the resources an operating system needs to install applications on a system. Installer packages can inc
T1546.017,Udev Rules,True,persistence|privilege-escalation,Linux,"Adversaries may maintain persistence through executing malicious content triggered using udev rules. Udev is the Linux kernel device manager that dynamically manages device nodes, handles access to pseudo-device files in the `/dev` directory, and responds to hardware events, such"
T1546.018,Python Startup Hooks,True,persistence|privilege-escalation,Linux|macOS|Windows,"Adversaries may achieve persistence by leveraging Python’s startup mechanisms, including path configuration (`.pth`) files and the `sitecustomize.py` or `usercustomize.py` modules. These files are automatically processed during the initialization of the Python interpreter, allowi"
T1547,Boot or Logon Autostart Execution,False,persistence|privilege-escalation,Linux|macOS|Windows|Network Devices,Adversaries may configure system settings to automatically execute a program during system boot or logon to maintain persistence or gain higher-level privileges on compromised systems. Operating systems may have mechanisms for automatically running a program on system boot or acc
T1547.001,Registry Run Keys / Startup Folder,True,persistence|privilege-escalation,Windows,"Adversaries may achieve persistence by adding a program to a startup folder or referencing it with a Registry run key. Adding an entry to the ""run keys"" in the Registry or startup folder will cause the program referenced to be executed when a user logs in.(Citation: Microsoft Run"
T1547.002,Authentication Package,True,persistence|privilege-escalation,Windows,Adversaries may abuse authentication packages to execute DLLs when the system boots. Windows authentication package DLLs are loaded by the Local Security Authority (LSA) process at system start. They provide support for multiple logon processes and multiple security protocols to 
T1547.003,Time Providers,True,persistence|privilege-escalation,Windows,Adversaries may abuse time providers to execute DLLs when the system boots. The Windows Time service (W32Time) enables time synchronization across and within domains.(Citation: Microsoft W32Time Feb 2018) W32Time time providers are responsible for retrieving time stamps from hard
T1547.004,Winlogon Helper DLL,True,persistence|privilege-escalation,Windows,Adversaries may abuse features of Winlogon to execute DLLs and/or executables when a user logs in. Winlogon.exe is a Windows component responsible for actions at logon/logoff as well as the secure attention sequence (SAS) triggered by Ctrl-Alt-Delete. Registry entries in <code>HK
T1547.005,Security Support Provider,True,persistence|privilege-escalation,Windows,"Adversaries may abuse security support providers (SSPs) to execute DLLs when the system boots. Windows SSP DLLs are loaded into the Local Security Authority (LSA) process at system start. Once loaded into the LSA, SSP DLLs have access to encrypted and plaintext passwords that are"
T1547.006,Kernel Modules and Extensions,True,persistence|privilege-escalation,macOS|Linux,Adversaries may modify the kernel to automatically execute programs on system boot. Loadable Kernel Modules (LKMs) are pieces of code that can be loaded and unloaded into the kernel upon demand. They extend the functionality of the kernel without the need to reboot the system. Fo
T1547.007,Re-opened Applications,True,persistence|privilege-escalation,macOS,"Adversaries may modify plist files to automatically run an application when a user logs in. When a user logs out or restarts via the macOS Graphical User Interface (GUI), a prompt is provided to the user with a checkbox to ""Reopen windows when logging back in"".(Citation: Re-Open "
T1547.008,LSASS Driver,True,persistence|privilege-escalation,Windows,Adversaries may modify or add LSASS drivers to obtain persistence on compromised systems. The Windows security subsystem is a set of components that manage and enforce the security policy for a computer or domain. The Local Security Authority (LSA) is the main component responsib
T1547.009,Shortcut Modification,True,persistence|privilege-escalation,Windows,Adversaries may create or modify shortcuts that can execute a program during system boot or user login. Shortcuts or symbolic links are used to reference other files or programs that will be opened or executed when the shortcut is clicked or executed by a system startup process.
T1547.010,Port Monitors,True,persistence|privilege-escalation,Windows,Adversaries may use port monitors to run an adversary supplied DLL during system boot for persistence or privilege escalation. A port monitor can be set through the <code>AddMonitor</code> API call to set a DLL to be loaded at startup.(Citation: AddMonitor) This DLL can be locate
T1547.012,Print Processors,True,persistence|privilege-escalation,Windows,"Adversaries may abuse print processors to run malicious DLLs during system boot for persistence and/or privilege escalation. Print processors are DLLs that are loaded by the print spooler service, `spoolsv.exe`, during boot.(Citation: Microsoft Intro Print Processors)"
T1547.013,XDG Autostart Entries,True,persistence|privilege-escalation,Linux,Adversaries may add or modify XDG Autostart Entries to execute malicious programs or commands when a user’s desktop environment is loaded at login. XDG Autostart entries are available for any XDG-compliant Linux system. XDG Autostart entries use Desktop Entry files (`.desktop`) t
T1547.014,Active Setup,True,persistence|privilege-escalation,Windows,Adversaries may achieve persistence by adding a Registry key to the Active Setup of the local machine. Active Setup is a Windows mechanism that is used to execute programs when a user logs in. The value stored in the Registry key will be executed after a user logs into the comput
T1547.015,Login Items,True,persistence|privilege-escalation,macOS,"Adversaries may add login items to execute upon user login to gain persistence or escalate privileges. Login items are applications, documents, folders, or server connections that are automatically launched when a user logs in.(Citation: Open Login Items Apple) Login items can be"
T1548,Abuse Elevation Control Mechanism,False,privilege-escalation,Linux|macOS|Windows|IaaS|Office Suite|Identity Provider,Adversaries may circumvent mechanisms designed to control privilege elevation to gain higher-level permissions. Most modern systems contain native elevation control mechanisms that are intended to limit privileges that a user can perform on a machine. Authorization has to be gran
T1548.001,Setuid and Setgid,True,privilege-escalation,Linux|macOS,"An adversary may abuse configurations where an application has the setuid or setgid bits set in order to get code running in a different (and possibly more privileged) user’s context. On Linux or macOS, when the setuid or setgid bits are set for an application binary, the applica"
T1548.002,Bypass User Account Control,True,privilege-escalation,Windows,"Adversaries may bypass UAC mechanisms to elevate process privileges on system. Windows User Account Control (UAC) allows a program to elevate its privileges (tracked as integrity levels ranging from low to high) to perform a task under administrator-level permissions, possibly by"
T1548.003,Sudo and Sudo Caching,True,privilege-escalation,Linux|macOS,Adversaries may perform sudo caching and/or use the sudoers file to elevate privileges. Adversaries may do this to execute commands as other users or spawn processes with higher privileges.
T1548.004,Elevated Execution with Prompt,True,privilege-escalation,macOS,Adversaries may leverage the <code>AuthorizationExecuteWithPrivileges</code> API to escalate privileges by prompting the user for credentials.(Citation: AppleDocs AuthorizationExecuteWithPrivileges) The purpose of this API is to give application developers an easy way to perform 
T1548.005,Temporary Elevated Cloud Access,True,privilege-escalation,IaaS|Office Suite|Identity Provider,"Adversaries may abuse permission configurations that allow them to gain temporarily elevated access to cloud resources. Many cloud environments allow administrators to grant user or service accounts permission to request just-in-time access to roles, impersonate other accounts, p"
T1548.006,TCC Manipulation,True,privilege-escalation,macOS,"Adversaries can manipulate or abuse the Transparency, Consent, & Control (TCC) service or database to grant malicious executables elevated permissions. TCC is a Privacy & Security macOS control mechanism used to determine if the running process has permission to access the data o"
T1550,Use Alternate Authentication Material,False,lateral-movement,Containers|IaaS|Identity Provider|Linux|Office Suite|SaaS|Windows,"Adversaries may use alternate authentication material, such as password hashes, Kerberos tickets, and application access tokens, in order to move laterally within an environment and bypass normal system access controls. "
T1550.001,Application Access Token,True,lateral-movement,Containers|IaaS|Identity Provider|Office Suite|SaaS,"Adversaries may use stolen application access tokens to bypass the typical authentication process and access restricted accounts, information, or services on remote systems. These tokens are typically stolen from users or services and used in lieu of login credentials."
T1550.002,Pass the Hash,True,lateral-movement,Windows,"Adversaries may “pass the hash” using stolen password hashes to move laterally within an environment, bypassing normal system access controls. Pass the hash (PtH) is a method of authenticating as a user without having access to the user's cleartext password. This method bypasses "
T1550.003,Pass the Ticket,True,lateral-movement,Windows,"Adversaries may “pass the ticket” using stolen Kerberos tickets to move laterally within an environment, bypassing normal system access controls. Pass the ticket (PtT) is a method of authenticating to a system using Kerberos tickets without having access to an account's password."
T1550.004,Web Session Cookie,True,lateral-movement,IaaS|Office Suite|SaaS,Adversaries can use stolen session cookies to authenticate to web applications and services. This technique bypasses some multi-factor authentication protocols since the session is already authenticated.(Citation: Pass The Cookie)
T1552,Unsecured Credentials,False,credential-access,Windows|SaaS|IaaS|Linux|macOS|Containers|Network Devices|Office Suite|Identity Provider,"Adversaries may search compromised systems to find and obtain insecurely stored credentials. These credentials can be stored and/or misplaced in many locations on a system, including plaintext files (e.g. [Shell History](https://attack.mitre.org/techniques/T1552/003)), operating "
T1552.001,Credentials In Files,True,credential-access,Containers|IaaS|Linux|macOS|Windows,"Adversaries may search local file systems and remote file shares for files containing insecurely stored credentials. These can be files created by users to store their own credentials, shared credential stores for a group of individuals, configuration files containing passwords f"
T1552.002,Credentials in Registry,True,credential-access,Windows,Adversaries may search the Registry on compromised systems for insecurely stored credentials. The Windows Registry stores configuration information that can be used by the system or other programs. Adversaries may query the Registry looking for credentials and passwords that have
T1552.003,Shell History,True,credential-access,Linux|macOS|Windows,Adversaries may search the command history on compromised systems for insecurely stored credentials.
T1552.004,Private Keys,True,credential-access,Linux|macOS|Network Devices|Windows,"Adversaries may search for private key certificate files on compromised systems for insecurely stored credentials. Private cryptographic keys and certificates are used for authentication, encryption/decryption, and digital signatures.(Citation: Wikipedia Public Key Crypto) Common"
T1552.005,Cloud Instance Metadata API,True,credential-access,IaaS,Adversaries may attempt to access the Cloud Instance Metadata API to collect credentials and other sensitive data.
T1552.006,Group Policy Preferences,True,credential-access,Windows,Adversaries may attempt to find unsecured credentials in Group Policy Preferences (GPP). GPP are tools that allow administrators to create domain policies with embedded credentials. These policies allow administrators to set local accounts.(Citation: Microsoft GPP 2016)
T1552.007,Container API,True,credential-access,Containers,"Adversaries may gather credentials via APIs within a containers environment. APIs in these environments, such as the Docker API and Kubernetes APIs, allow a user to remotely manage their container resources and cluster components.(Citation: Docker API)(Citation: Kubernetes API)"
T1552.008,Chat Messages,True,credential-access,SaaS|Office Suite,"Adversaries may directly collect unsecured credentials stored or passed through user communication services. Credentials may be sent and stored in user chat communication applications such as email, chat services like Slack or Teams, collaboration tools like Jira or Trello, and a"
T1553,Subvert Trust Controls,False,defense-impairment,Linux|macOS|Windows,Adversaries may undermine security controls that will either warn users of untrusted activity or prevent execution of untrusted programs. Operating systems and security products may contain mechanisms to identify programs or websites as possessing some level of trust. Examples of
T1553.001,Gatekeeper Bypass,True,defense-impairment,macOS,Adversaries may modify file attributes and subvert Gatekeeper functionality to evade user prompts and execute untrusted programs. Gatekeeper is a set of technologies that act as layer of Apple’s security model to ensure only trusted applications are executed on a host. Gatekeeper
T1553.002,Code Signing,True,defense-impairment,macOS|Windows,"Adversaries may create, acquire, or steal code signing materials to sign their malware or tools. Code signing provides a level of authenticity on a binary from the developer and a guarantee that the binary has not been tampered with. (Citation: Wikipedia Code Signing) The certifi"
T1553.003,SIP and Trust Provider Hijacking,True,defense-impairment,Windows,"Adversaries may tamper with SIP and trust provider components to mislead the operating system and application control tools when conducting signature validation checks. In user mode, Windows Authenticode (Citation: Microsoft Authenticode) digital signatures are used to verify a f"
T1553.004,Install Root Certificate,True,defense-impairment,Linux|macOS|Windows,"Adversaries may install a root certificate on a compromised system to avoid warnings when connecting to adversary controlled web servers. Root certificates are used in public key cryptography to identify a root certificate authority (CA). When a root certificate is installed, the"
T1553.005,Mark-of-the-Web Bypass,True,defense-impairment,Windows,"Adversaries may abuse specific file formats to subvert Mark-of-the-Web (MOTW) controls. In Windows, when files are downloaded from the Internet, they are tagged with a hidden NTFS Alternate Data Stream (ADS) named <code>Zone.Identifier</code> with a specific value known as the MO"
T1553.006,Code Signing Policy Modification,True,defense-impairment,macOS|Windows,Adversaries may modify code signing policies to enable execution of unsigned or self-signed code. Code signing provides a level of authenticity on a program from a developer and a guarantee that the program has not been tampered with. Security controls can include enforcement mec
T1554,Compromise Host Software Binary,False,persistence,ESXi|Linux|macOS|Windows,"Adversaries may modify host software binaries to establish persistent access to systems. Software binaries/executables provide a wide range of system commands or services, programs, and libraries. Common software binaries are SSH clients, FTP clients, email clients, web browsers,"
T1555,Credentials from Password Stores,False,credential-access,IaaS|Linux|macOS|Windows,"Adversaries may search for common password storage locations to obtain user credentials.(Citation: F-Secure The Dukes) Passwords are stored in several places on a system, depending on the operating system or application holding the credentials. There are also specific application"
T1555.001,Keychain,True,credential-access,macOS,"Adversaries may acquire credentials from Keychain. Keychain (or Keychain Services) is the macOS credential management system that stores account names, passwords, private keys, certificates, sensitive application data, payment data, and secure notes. There are three types of Keyc"
T1555.002,Securityd Memory,True,credential-access,Linux|macOS,An adversary with root access may gather credentials by reading `securityd`’s memory. `securityd` is a service/daemon responsible for implementing security protocols such as encryption and authorization.(Citation: Apple Dev SecurityD) A privileged adversary may be able to scan th
T1555.003,Credentials from Web Browsers,True,credential-access,Linux|macOS|Windows,Adversaries may acquire credentials from web browsers by reading files specific to the target browser.(Citation: Talos Olympic Destroyer 2018) Web browsers commonly save credentials such as website usernames and passwords so that they do not need to be entered manually in the fut
T1555.004,Windows Credential Manager,True,credential-access,Windows,"Adversaries may acquire credentials from the Windows Credential Manager. The Credential Manager stores credentials for signing into websites, applications, and/or devices that request authentication through NTLM or Kerberos in Credential Lockers (previously known as Windows Vault"
T1555.005,Password Managers,True,credential-access,Linux|macOS|Windows,"Adversaries may acquire user credentials from third-party password managers.(Citation: ise Password Manager February 2019) Password managers are applications designed to store user credentials, normally in an encrypted database. Credentials are typically accessible after a user p"
T1555.006,Cloud Secrets Management Stores,True,credential-access,IaaS,"Adversaries may acquire credentials from cloud-native secret management solutions such as AWS Secrets Manager, GCP Secret Manager, Azure Key Vault, and Terraform Vault.  "
T1556,Modify Authentication Process,False,defense-impairment|persistence|credential-access,IaaS|Identity Provider|Linux|macOS|Network Devices|Office Suite|SaaS|Windows,"Adversaries may modify authentication mechanisms and processes to access user credentials or enable otherwise unwarranted access to accounts. The authentication process is handled by mechanisms, such as the Local Security Authentication Server (LSASS) process and the Security Acc"
T1556.001,Domain Controller Authentication,True,defense-impairment|persistence|credential-access,Windows,Adversaries may patch the authentication process on a domain controller to bypass the typical authentication mechanisms and enable access to accounts. 
T1556.002,Password Filter DLL,True,defense-impairment|persistence|credential-access,Windows,Adversaries may register malicious password filter dynamic link libraries (DLLs) into the authentication process to acquire user credentials as they are validated. 
T1556.003,Pluggable Authentication Modules,True,defense-impairment|persistence|credential-access,Linux|macOS,"Adversaries may modify pluggable authentication modules (PAM) to access user credentials or enable otherwise unwarranted access to accounts. PAM is a modular system of configuration files, libraries, and executable files which guide authentication for many services. The most comm"
T1556.004,Network Device Authentication,True,defense-impairment|persistence|credential-access,Network Devices,"Adversaries may use [Patch System Image](https://attack.mitre.org/techniques/T1601/001) to hard code a password in the operating system, thus bypassing of native authentication mechanisms for local accounts on network devices."
T1556.005,Reversible Encryption,True,defense-impairment|persistence|credential-access,Windows,An adversary may abuse Active Directory authentication encryption properties to gain access to credentials on Windows systems. The <code>AllowReversiblePasswordEncryption</code> property specifies whether reversible password encryption for an account is enabled or disabled. By de
T1556.006,Multi-Factor Authentication,True,defense-impairment|persistence|credential-access,IaaS|Identity Provider|Linux|macOS|Office Suite|SaaS|Windows,Adversaries may disable or modify multi-factor authentication (MFA) mechanisms to enable persistent access to compromised accounts.
T1556.007,Hybrid Identity,True,defense-impairment|persistence|credential-access,IaaS|Identity Provider|Office Suite|SaaS|Windows,"Adversaries may patch, modify, or otherwise backdoor cloud authentication processes that are tied to on-premises user identities in order to bypass typical authentication mechanisms, access credentials, and enable persistent access to accounts.  "
T1556.008,Network Provider DLL,True,defense-impairment|persistence|credential-access,Windows,Adversaries may register malicious network provider dynamic link libraries (DLLs) to capture cleartext user credentials during the authentication process. Network provider DLLs allow Windows to interface with specific network protocols and can also support add-on credential manag
T1556.009,Conditional Access Policies,True,defense-impairment|persistence|credential-access,IaaS|Identity Provider,Adversaries may disable or modify conditional access policies to enable persistent access to compromised accounts. Conditional access policies are additional verifications used by identity providers and identity and access management systems to determine whether a user should be 
T1557,Adversary-in-the-Middle,False,credential-access|collection,Linux|macOS|Network Devices|Windows,"Adversaries may attempt to position themselves between two or more networked devices using an adversary-in-the-middle (AiTM) technique to support follow-on behaviors such as [Network Sniffing](https://attack.mitre.org/techniques/T1040), [Transmitted Data Manipulation](https://att"
T1557.001,Name Resolution Poisoning and SMB Relay,True,credential-access|collection,Windows,"By responding to LLMNR/NBT-NS/mDNS network traffic, adversaries may spoof an authoritative source for name resolution to force communication with an adversary controlled system.(Citation: BlackCat ransomware) This activity may be used to collect or relay authentication materials."
T1557.002,ARP Cache Poisoning,True,credential-access|collection,Linux|Windows|macOS,Adversaries may poison Address Resolution Protocol (ARP) caches to position themselves between the communication of two or more networked devices. This activity may be used to enable follow-on behaviors such as [Network Sniffing](https://attack.mitre.org/techniques/T1040) or [Tra
T1557.003,DHCP Spoofing,True,credential-access|collection,Linux|Windows|macOS,"Adversaries may redirect network traffic to adversary-owned systems by spoofing Dynamic Host Configuration Protocol (DHCP) traffic and acting as a malicious DHCP server on the victim network. By achieving the adversary-in-the-middle (AiTM) position, adversaries may collect networ"
T1557.004,Evil Twin,True,credential-access|collection,Network Devices,"Adversaries may host seemingly genuine Wi-Fi access points to deceive users into connecting to malicious networks as a way of supporting follow-on behaviors such as [Network Sniffing](https://attack.mitre.org/techniques/T1040), [Transmitted Data Manipulation](https://attack.mitre"
T1558,Steal or Forge Kerberos Tickets,False,credential-access,Linux|macOS|Windows,Adversaries may attempt to subvert Kerberos authentication by stealing or forging Kerberos tickets to enable [Pass the Ticket](https://attack.mitre.org/techniques/T1550/003). Kerberos is an authentication protocol widely used in modern Windows domain environments. In Kerberos env
T1558.001,Golden Ticket,True,credential-access,Windows,"Adversaries who have the KRBTGT account password hash may forge Kerberos ticket-granting tickets (TGT), also known as a golden ticket.(Citation: AdSecurity Kerberos GT Aug 2015) Golden tickets enable adversaries to generate authentication material for any account in Active Direct"
T1558.002,Silver Ticket,True,credential-access,Windows,"Adversaries who have the password hash of a target service account (e.g. SharePoint, MSSQL) may forge Kerberos ticket granting service (TGS) tickets, also known as silver tickets. Kerberos TGS tickets are also known as service tickets.(Citation: ADSecurity Silver Tickets)"
T1558.003,Kerberoasting,True,credential-access,Windows,Adversaries may abuse a valid Kerberos ticket-granting ticket (TGT) or sniff network traffic to obtain a ticket-granting service (TGS) ticket that may be vulnerable to [Brute Force](https://attack.mitre.org/techniques/T1110).(Citation: Empire InvokeKerberoast Oct 2016)(Citation: 
T1558.004,AS-REP Roasting,True,credential-access,Windows,Adversaries may reveal credentials of accounts that have disabled Kerberos preauthentication by [Password Cracking](https://attack.mitre.org/techniques/T1110/002) Kerberos messages.(Citation: Harmj0y Roasting AS-REPs Jan 2017) 
T1558.005,Ccache Files,True,credential-access,Linux|macOS,
T1559,Inter-Process Communication,False,execution,Linux|macOS|Windows,"Adversaries may abuse inter-process communication (IPC) mechanisms for local code or command execution. IPC is typically used by processes to share data, communicate with each other, or synchronize execution. IPC is also commonly used to avoid situations such as deadlocks, which "
T1559.001,Component Object Model,True,execution,Windows,"Adversaries may use the Windows Component Object Model (COM) for local code execution. COM is an inter-process communication (IPC) component of the native Windows application programming interface (API) that enables interaction between software objects, or executable code that im"
T1559.002,Dynamic Data Exchange,True,execution,Windows,"Adversaries may use Windows Dynamic Data Exchange (DDE) to execute arbitrary commands. DDE is a client-server protocol for one-time and/or continuous inter-process communication (IPC) between applications. Once a link is established, applications can autonomously exchange transac"
T1559.003,XPC Services,True,execution,macOS,"Adversaries can provide malicious content to an XPC service daemon for local code execution. macOS uses XPC services for basic inter-process communication between various processes, such as between the XPC Service daemon and third-party application privileged helper tools. Applic"
T1560,Archive Collected Data,False,collection,Linux|macOS|Windows,An adversary may compress and/or encrypt data that is collected prior to exfiltration. Compressing the data can help to obfuscate the collected data and minimize the amount of data sent over the network.(Citation: DOJ GRU Indictment Jul 2018) Encryption can be used to hide inform
T1560.001,Archive via Utility,True,collection,Linux|macOS|Windows,"Adversaries may use utilities to compress and/or encrypt collected data prior to exfiltration. Many utilities include functionalities to compress, encrypt, or otherwise package data into a format that is easier/more secure to transport."
T1560.002,Archive via Library,True,collection,Linux|macOS|Windows,"An adversary may compress or encrypt data that is collected prior to exfiltration using 3rd party libraries. Many libraries exist that can archive data, including [Python](https://attack.mitre.org/techniques/T1059/006) rarfile (Citation: PyPI RAR), libzip (Citation: libzip), and "
T1560.003,Archive via Custom Method,True,collection,Linux|macOS|Windows,"An adversary may compress or encrypt data that is collected prior to exfiltration using a custom method. Adversaries may choose to use custom archival methods, such as encryption with XOR or stream ciphers implemented with no external library or utility references. Custom impleme"
T1561,Disk Wipe,False,impact,Linux|macOS|Windows|Network Devices,"Adversaries may wipe or corrupt raw disk data on specific systems or in large numbers in a network to interrupt availability to system and network resources. With direct write access to a disk, adversaries may attempt to overwrite portions of disk data. Adversaries may opt to wip"
T1561.001,Disk Content Wipe,True,impact,Linux|macOS|Network Devices|Windows,Adversaries may erase the contents of storage devices on specific systems or in large numbers in a network to interrupt availability to system and network resources.
T1561.002,Disk Structure Wipe,True,impact,Linux|macOS|Network Devices|Windows,Adversaries may corrupt or wipe the disk data structures on a hard drive necessary to boot a system; targeting specific critical systems or in large numbers in a network to interrupt availability to system and network resources. 
T1563,Remote Service Session Hijacking,False,lateral-movement,Linux|macOS|Windows,"Adversaries may take control of preexisting sessions with remote services to move laterally in an environment. Users may use valid credentials to log into a service specifically designed to accept remote connections, such as telnet, SSH, and RDP. When a user logs into a service, "
T1563.001,SSH Hijacking,True,lateral-movement,Linux|macOS,"Adversaries may hijack a legitimate user's SSH session to move laterally within an environment. Secure Shell (SSH) is a standard means of remote access on Linux and macOS systems. It allows a user to connect to another system via an encrypted tunnel, commonly authenticating throu"
T1563.002,RDP Hijacking,True,lateral-movement,Windows,Adversaries may hijack a legitimate user’s remote desktop session to move laterally within an environment. Remote desktop is a common feature in operating systems. It allows a user to log into an interactive session with a system desktop graphical user interface on a remote syste
T1564,Hide Artifacts,False,stealth,ESXi|Linux|macOS|Office Suite|Windows,"Adversaries may attempt to hide artifacts associated with their behaviors to evade detection. Operating systems may have features to hide various artifacts, such as important system files and administrative task execution, to avoid disrupting user work environments and prevent us"
T1564.001,Hidden Files and Directories,True,stealth,Linux|macOS|Windows,"Adversaries may set files and directories to be hidden to evade detection mechanisms. To prevent normal users from accidentally changing special files on a system, most operating systems have the concept of a ‘hidden’ file. These files don’t show up when a user browses the file s"
T1564.002,Hidden Users,True,stealth,Linux|macOS|Windows,Adversaries may use hidden users to hide the presence of user accounts they create or modify. Administrators may want to hide users when there are many user accounts on a given system or if they want to hide their administrative or other management accounts from other users. 
T1564.003,Hidden Window,True,stealth,Linux|macOS|Windows,"Adversaries may use hidden windows to conceal malicious activity from the plain sight of users. In some cases, windows that would typically be displayed when an application carries out an operation can be hidden. This may be utilized by system administrators to avoid disrupting u"
T1564.004,NTFS File Attributes,True,stealth,Windows,Adversaries may use NTFS file attributes to hide their malicious data in order to evade detection. Every New Technology File System (NTFS) formatted partition contains a Master File Table (MFT) that maintains a record for every file/directory on the partition. (Citation: SpectorO
T1564.005,Hidden File System,True,stealth,Linux|macOS|Windows,"Adversaries may use a hidden file system to conceal malicious activity from users and security tools. File systems provide a structure to store and access data from physical storage. Typically, a user engages with a file system through applications that allow them to access files"
T1564.006,Run Virtual Instance,True,stealth,ESXi|Linux|macOS|Windows,"Adversaries may carry out malicious operations using a virtual instance to avoid detection. A wide variety of virtualization technologies exist that allow for the emulation of a computer or computing environment. By running malicious code inside of a virtual instance, adversaries"
T1564.007,VBA Stomping,True,stealth,Linux|macOS|Windows,Adversaries may hide malicious Visual Basic for Applications (VBA) payloads embedded within MS Office documents by replacing the VBA source code with benign data.(Citation: FireEye VBA stomp Feb 2020)
T1564.008,Email Hiding Rules,True,stealth,Windows|Linux|macOS|Office Suite,"Adversaries may use email rules to hide inbound emails in a compromised user's mailbox. Many email clients allow users to create inbox rules for various email functions, including moving emails to other folders, marking emails as read, or deleting emails. Rules may be created or "
T1564.009,Resource Forking,True,stealth,macOS,"Adversaries may abuse resource forks to hide malicious code or executables to evade detection and bypass security applications. A resource fork provides applications a structured way to store resources such as thumbnail images, menu definitions, icons, dialog boxes, and code.(Cit"
T1564.010,Process Argument Spoofing,True,stealth,Windows,"Adversaries may attempt to hide process command-line arguments by overwriting process memory. Process command-line arguments are stored in the process environment block (PEB), a data structure used by Windows to store various information about/used by a process. The PEB includes "
T1564.011,Ignore Process Interrupts,True,stealth,Linux|macOS|Windows,Adversaries may evade defensive mechanisms by executing commands that hide from process interrupt signals. Many operating systems use signals to deliver messages to control process behavior. Command interpreters often include specific commands/flags that ignore errors and other h
T1564.012,File/Path Exclusions,True,stealth,Linux|macOS|Windows,Adversaries may attempt to hide their file-based artifacts by writing them to specific folders or file names excluded from antivirus (AV) scanning and other defensive capabilities. AV and other file-based scanners often include exclusions to optimize performance as well as ease i
T1564.013,Bind Mounts,True,stealth,Linux,"Adversaries may abuse bind mounts on file structures to hide their activity and artifacts from native utilities. A bind mount maps a directory or file from one location on the filesystem to another, similar to a shortcut on Windows. It’s commonly used to provide access to specifi"
T1564.014,Extended Attributes,True,stealth,Linux|macOS,Adversaries may abuse extended attributes (xattrs) on macOS and Linux to hide their malicious data in order to evade detection. Extended attributes are key-value pairs of file and directory metadata used by both macOS and Linux. They are not visible through standard tools like `F
T1565,Data Manipulation,False,impact,Linux|macOS|Windows,"Adversaries may insert, delete, or manipulate data in order to influence external outcomes or hide activity, thus threatening the integrity of the data.(Citation: Sygnia Elephant Beetle Jan 2022) By manipulating data, adversaries may attempt to affect a business process, organiza"
T1565.001,Stored Data Manipulation,True,impact,Linux|macOS|Windows,"Adversaries may insert, delete, or manipulate data at rest in order to influence external outcomes or hide activity, thus threatening the integrity of the data.(Citation: FireEye APT38 Oct 2018)(Citation: DOJ Lazarus Sony 2018) By manipulating stored data, adversaries may attempt"
T1565.002,Transmitted Data Manipulation,True,impact,Linux|macOS|Windows,"Adversaries may alter data en route to storage or other systems in order to manipulate external outcomes or hide activity, thus threatening the integrity of the data.(Citation: FireEye APT38 Oct 2018)(Citation: DOJ Lazarus Sony 2018) By manipulating transmitted data, adversaries "
T1565.003,Runtime Data Manipulation,True,impact,Linux|macOS|Windows,"Adversaries may modify systems in order to manipulate the data as it is accessed and displayed to an end user, thus threatening the integrity of the data.(Citation: FireEye APT38 Oct 2018)(Citation: DOJ Lazarus Sony 2018) By manipulating runtime data, adversaries may attempt to a"
T1566,Phishing,False,initial-access,Identity Provider|Linux|macOS|Office Suite|SaaS|Windows,"Adversaries may send phishing messages to gain access to victim systems. All forms of phishing are electronically delivered social engineering. Phishing can be targeted, known as spearphishing. In spearphishing, a specific individual, company, or industry will be targeted by the "
T1566.001,Spearphishing Attachment,True,initial-access,Linux|macOS|Windows,Adversaries may send spearphishing emails with a malicious attachment in an attempt to gain access to victim systems. Spearphishing attachment is a specific variant of spearphishing. Spearphishing attachment is different from other forms of spearphishing in that it employs the us
T1566.002,Spearphishing Link,True,initial-access,Identity Provider|Linux|macOS|Office Suite|SaaS|Windows,Adversaries may send spearphishing emails with a malicious link in an attempt to gain access to victim systems. Spearphishing with a link is a specific variant of spearphishing. It is different from other forms of spearphishing in that it employs the use of links to download malw
T1566.003,Spearphishing via Service,True,initial-access,Linux|macOS|Windows,Adversaries may send spearphishing messages via third-party services in an attempt to gain access to victim systems. Spearphishing via service is a specific variant of spearphishing. It is different from other forms of spearphishing in that it employs the use of third party servi
T1566.004,Spearphishing Voice,True,initial-access,Linux|macOS|Windows|Identity Provider,Adversaries may use voice communications to ultimately gain access to victim systems. Spearphishing voice is a specific variant of spearphishing. It is different from other forms of spearphishing in that it employs the use of manipulating a user into providing access to systems t
T1567,Exfiltration Over Web Service,False,exfiltration,ESXi|Linux|macOS|Office Suite|SaaS|Windows,"Adversaries may use an existing, legitimate external Web service to exfiltrate data rather than their primary command and control channel. Popular Web services acting as an exfiltration mechanism may give a significant amount of cover due to the likelihood that hosts within a net"
T1567.001,Exfiltration to Code Repository,True,exfiltration,ESXi|Linux|macOS|Windows,"Adversaries may exfiltrate data to a code repository rather than over their primary command and control channel. Code repositories are often accessible via an API (ex: https://api.github.com). Access to these APIs are often over HTTPS, which gives the adversary an additional leve"
T1567.002,Exfiltration to Cloud Storage,True,exfiltration,ESXi|Linux|macOS|Windows,"Adversaries may exfiltrate data to a cloud storage service rather than over their primary command and control channel. Cloud storage services allow for the storage, edit, and retrieval of data from a remote cloud storage server over the Internet."
T1567.003,Exfiltration to Text Storage Sites,True,exfiltration,Linux|macOS|Windows|ESXi,"Adversaries may exfiltrate data to text storage sites instead of their primary command and control channel. Text storage sites, such as <code>pastebin[.]com</code>, are commonly used by developers to share code and other information.  "
T1567.004,Exfiltration Over Webhook,True,exfiltration,ESXi|Linux|macOS|Office Suite|SaaS|Windows,Adversaries may exfiltrate data to a webhook endpoint rather than over their primary command and control channel. Webhooks are simple mechanisms for allowing a server to push data over HTTP/S to a client without the need for the client to continuously poll the server.(Citation: R
T1568,Dynamic Resolution,False,command-and-control,ESXi|Linux|macOS|Windows,Adversaries may dynamically establish connections to command and control infrastructure to evade common detections and remediations. This may be achieved by using malware that shares a common algorithm with the infrastructure the adversary uses to receive the malware's communicat
T1568.001,Fast Flux DNS,True,command-and-control,Linux|macOS|Windows|ESXi,"Adversaries may use Fast Flux DNS to hide a command and control channel behind an array of rapidly changing IP addresses linked to a single domain resolution. This technique uses a fully qualified domain name, with multiple IP addresses assigned to it which are swapped with high "
T1568.002,Domain Generation Algorithms,True,command-and-control,ESXi|Linux|macOS|Windows,"Adversaries may make use of Domain Generation Algorithms (DGAs) to dynamically identify a destination domain for command and control traffic rather than relying on a list of static IP addresses or domains. This has the advantage of making it much harder for defenders to block, tr"
T1568.003,DNS Calculation,True,command-and-control,ESXi|Linux|macOS|Windows,"Adversaries may perform calculations on addresses returned in DNS results to determine which port and IP address to use for command and control, rather than relying on a predetermined port number or the actual returned IP address. A IP and/or port number calculation can be used t"
T1569,System Services,False,execution,Windows|macOS|Linux,"Adversaries may abuse system services or daemons to execute commands or programs. Adversaries can execute malicious content by interacting with or creating services either locally or remotely. Many services are set to run at boot, which can aid in achieving persistence ([Create o"
T1569.001,Launchctl,True,execution,macOS,"Adversaries may abuse launchctl to execute commands or programs. Launchctl interfaces with launchd, the service management framework for macOS. Launchctl supports taking subcommands on the command-line, interactively, or even redirected from standard input.(Citation: Launchctl Ma"
T1569.002,Service Execution,True,execution,Windows,Adversaries may abuse the Windows service control manager to execute malicious commands or payloads. The Windows service control manager (<code>services.exe</code>) is an interface to manage and manipulate services.(Citation: Microsoft Service Control Manager) The service control
T1569.003,Systemctl,True,execution,Linux,"Adversaries may abuse systemctl to execute commands or programs. Systemctl is the primary interface for systemd, the Linux init system and service manager. Typically invoked from a shell, Systemctl can also be integrated into scripts or applications.   "
T1570,Lateral Tool Transfer,False,lateral-movement,ESXi|Linux|macOS|Windows,"Adversaries may transfer tools or other files between systems in a compromised environment. Once brought into the victim environment (i.e., [Ingress Tool Transfer](https://attack.mitre.org/techniques/T1105)) files may then be copied from one system to another to stage adversary t"
T1571,Non-Standard Port,False,command-and-control,ESXi|Linux|macOS|Windows,"Adversaries may communicate using a protocol and port pairing that are typically not associated. For example, HTTPS over port 8088(Citation: Symantec Elfin Mar 2019) or port 587(Citation: Fortinet Agent Tesla April 2018) as opposed to the traditional port 443. Adversaries may mak"
T1572,Protocol Tunneling,False,command-and-control,ESXi|Linux|macOS|Windows,Adversaries may tunnel network communications to and from a victim system within a separate protocol to avoid detection/network filtering and/or enable access to otherwise unreachable systems. Tunneling involves explicitly encapsulating a protocol within another. This behavior ma
T1573,Encrypted Channel,False,command-and-control,ESXi|Linux|macOS|Network Devices|Windows,"Adversaries may employ an encryption algorithm to conceal command and control traffic rather than relying on any inherent protections provided by a communication protocol. Despite the use of a secure algorithm, these implementations may be vulnerable to reverse engineering if sec"
T1573.001,Symmetric Cryptography,True,command-and-control,ESXi|Linux|macOS|Network Devices|Windows,Adversaries may employ a known symmetric encryption algorithm to conceal command and control traffic rather than relying on any inherent protections provided by a communication protocol. Symmetric encryption algorithms use the same key for plaintext encryption and ciphertext decr
T1573.002,Asymmetric Cryptography,True,command-and-control,ESXi|Linux|macOS|Network Devices|Windows,"Adversaries may employ a known asymmetric encryption algorithm to conceal command and control traffic rather than relying on any inherent protections provided by a communication protocol. Asymmetric cryptography, also known as public key cryptography, uses a keypair per party: on"
T1574,Hijack Execution Flow,False,stealth|execution,Linux|macOS|Windows,"Adversaries may execute their own malicious payloads by hijacking the way operating systems run programs. Hijacking execution flow can be for the purposes of persistence, since this hijacked execution may reoccur over time. Adversaries may also use these mechanisms to elevate pri"
T1574.001,DLL,True,stealth|execution,Windows,"Adversaries may abuse dynamic-link library files (DLLs) in order to achieve persistence, escalate privileges, and evade defenses. DLLs are libraries that contain code and data that can be simultaneously utilized by multiple programs. While DLLs are not malicious by nature, they c"
T1574.004,Dylib Hijacking,True,stealth|execution,macOS,Adversaries may execute their own payloads by placing a malicious dynamic library (dylib) with an expected name in a path a victim application searches at runtime. The dynamic loader will try to find the dylibs based on the sequential order of the search paths. Paths to dylibs ma
T1574.005,Executable Installer File Permissions Weakness,True,stealth|execution,Windows,Adversaries may execute their own malicious payloads by hijacking the binaries used by an installer. These processes may automatically execute specific binaries as part of their functionality or to perform other actions. If the permissions on the file system directory containing 
T1574.006,Dynamic Linker Hijacking,True,stealth|execution,Linux|macOS,"Adversaries may execute their own malicious payloads by hijacking environment variables the dynamic linker uses to load shared libraries. During the execution preparation phase of a program, the dynamic linker loads specified absolute paths of shared libraries from various enviro"
T1574.007,Path Interception by PATH Environment Variable,True,stealth|execution,Linux|macOS|Windows,Adversaries may execute their own malicious payloads by hijacking environment variables used to load libraries. The PATH environment variable contains a list of directories (User and System) that the OS searches sequentially through in search of the binary that was called from a 
T1574.008,Path Interception by Search Order Hijacking,True,stealth|execution,Windows,"Adversaries may execute their own malicious payloads by hijacking the search order used to load other programs. Because some programs do not call other programs using the full path, adversaries may place their own file in the directory where the calling program is located, causin"
T1574.009,Path Interception by Unquoted Path,True,stealth|execution,Windows,"Adversaries may execute their own malicious payloads by hijacking vulnerable file path references. Adversaries can take advantage of paths that lack surrounding quotations by placing an executable in a higher level directory within the path, so that Windows will choose the advers"
T1574.010,Services File Permissions Weakness,True,stealth|execution,Windows,Adversaries may execute their own malicious payloads by hijacking the binaries used by services. Adversaries may use flaws in the permissions of Windows services to replace the binary that is executed upon service start. These service processes may automatically execute specific 
T1574.011,Services Registry Permissions Weakness,True,stealth|execution,Windows,"Adversaries may execute their own malicious payloads by hijacking the Registry entries used by services. Flaws in the permissions for Registry keys related to services can allow adversaries to redirect the originally specified executable to one they control, launching their own c"
T1574.012,COR_PROFILER,True,stealth|execution,Windows,Adversaries may leverage the COR_PROFILER environment variable to hijack the execution flow of programs that load the .NET CLR. The COR_PROFILER is a .NET Framework feature which allows developers to specify an unmanaged (or external of .NET) profiling DLL to be loaded into each 
T1574.013,KernelCallbackTable,True,stealth|execution,Windows,Adversaries may abuse the <code>KernelCallbackTable</code> of a process to hijack its execution flow in order to run their own payloads.(Citation: Lazarus APT January 2022)(Citation: FinFisher exposed ) The <code>KernelCallbackTable</code> can be found in the Process Environment 
T1574.014,AppDomainManager,True,stealth|execution,Windows,Adversaries may execute their own malicious payloads by hijacking how the .NET `AppDomainManager` loads assemblies. The .NET framework uses the `AppDomainManager` class to create and manage one or more isolated runtime environments (called application domains) inside a process to
T1578,Modify Cloud Compute Infrastructure,False,defense-impairment,IaaS,"An adversary may attempt to modify a cloud account's compute service infrastructure to evade defenses. A modification to the compute service infrastructure can include the creation, deletion, or modification of one or more components such as compute instances, virtual machines, a"
T1578.001,Create Snapshot,True,defense-impairment,IaaS,"An adversary may create a snapshot or data backup within a cloud account to evade defenses. A snapshot is a point-in-time copy of an existing cloud compute component such as a virtual machine (VM), virtual hard drive, or volume. An adversary may leverage permissions to create a s"
T1578.002,Create Cloud Instance,True,defense-impairment,IaaS,An adversary may create a new instance or virtual machine (VM) within the compute service of a cloud account to evade defenses. Creating a new instance may allow an adversary to bypass firewall rules and permissions that exist on instances currently residing within an account. An
T1578.003,Delete Cloud Instance,True,defense-impairment,IaaS,An adversary may delete a cloud instance after they have performed malicious activities in an attempt to evade detection and remove evidence of their presence.  Deleting an instance or virtual machine can remove valuable forensic artifacts and other evidence of suspicious behavio
T1578.004,Revert Cloud Instance,True,defense-impairment,IaaS,"An adversary may revert changes made to a cloud instance after they have performed malicious activities in attempt to evade detection and remove evidence of their presence. In highly virtualized environments, such as cloud-based infrastructure, this may be accomplished by restori"
T1578.005,Modify Cloud Compute Configurations,True,defense-impairment,IaaS,"Adversaries may modify settings that directly affect the size, locations, and resources available to cloud compute infrastructure in order to evade defenses. These settings may include service quotas, subscription associations, tenant-wide policies, or other configurations that i"
T1580,Cloud Infrastructure Discovery,False,discovery,IaaS,"An adversary may attempt to discover infrastructure and resources that are available within an infrastructure-as-a-service (IaaS) environment. This includes compute service resources such as instances, virtual machines, and snapshots as well as resources of other services includi"
T1583,Acquire Infrastructure,False,resource-development,PRE,"Adversaries may buy, lease, rent, or obtain infrastructure that can be used during targeting. A wide variety of infrastructure exists for hosting and orchestrating adversary operations. Infrastructure solutions include physical or cloud servers, domains, and third-party web servi"
T1583.001,Domains,True,resource-development,PRE,"Adversaries may acquire domains that can be used during targeting. Domain names are the human readable names used to represent one or more IP addresses. They can be purchased or, in some cases, acquired for free."
T1583.002,DNS Server,True,resource-development,PRE,"Adversaries may set up their own Domain Name System (DNS) servers that can be used during targeting. During post-compromise activity, adversaries may utilize DNS traffic for various tasks, including for Command and Control (ex: [Application Layer Protocol](https://attack.mitre.or"
T1583.003,Virtual Private Server,True,resource-development,PRE,"Adversaries may rent Virtual Private Servers (VPSs) that can be used during targeting. There exist a variety of cloud service providers that will sell virtual machines/containers as a service. By utilizing a VPS, adversaries can make it difficult to physically tie back operations"
T1583.004,Server,True,resource-development,PRE,"Adversaries may buy, lease, rent, or obtain physical servers that can be used during targeting. Use of servers allows an adversary to stage, launch, and execute an operation. During post-compromise activity, adversaries may utilize servers for various tasks, such as watering hole"
T1583.005,Botnet,True,resource-development,PRE,"Adversaries may buy, lease, or rent a network of compromised systems that can be used during targeting. A botnet is a network of compromised systems that can be instructed to perform coordinated tasks.(Citation: Norton Botnet) Adversaries may purchase a subscription to use an exi"
T1583.006,Web Services,True,resource-development,PRE,"Adversaries may register for web services that can be used during targeting. A variety of popular websites exist for adversaries to register for a web-based service that can be abused during later stages of the adversary lifecycle, such as during Command and Control ([Web Service"
T1583.007,Serverless,True,resource-development,PRE,"Adversaries may purchase and configure serverless cloud infrastructure, such as Cloudflare Workers, AWS Lambda functions, or Google Apps Scripts, that can be used during targeting. By utilizing serverless infrastructure, adversaries can make it more difficult to attribute infrast"
T1583.008,Malvertising,True,resource-development,PRE,"Adversaries may purchase online advertisements that can be abused to distribute malware to victims. Ads can be purchased to plant as well as favorably position artifacts in specific locations  online, such as prominently placed within search engine results. These ads may make it "
T1584,Compromise Infrastructure,False,resource-development,PRE,"Adversaries may compromise third-party infrastructure that can be used during targeting. Infrastructure solutions include physical or cloud servers, domains, network devices, and third-party web and DNS services. Instead of buying, leasing, or renting infrastructure an adversary "
T1584.001,Domains,True,resource-development,PRE,Adversaries may hijack domains and/or subdomains that can be used during targeting. Domain registration hijacking is the act of changing the registration of a domain name without the permission of the original registrant.(Citation: ICANNDomainNameHijacking) Adversaries may gain a
T1584.002,DNS Server,True,resource-development,PRE,"Adversaries may compromise third-party DNS servers that can be used during targeting. During post-compromise activity, adversaries may utilize DNS traffic for various tasks, including for Command and Control (ex: [Application Layer Protocol](https://attack.mitre.org/techniques/T1"
T1584.003,Virtual Private Server,True,resource-development,PRE,Adversaries may compromise third-party Virtual Private Servers (VPSs) that can be used during targeting. There exist a variety of cloud service providers that will sell virtual machines/containers as a service. Adversaries may compromise VPSs purchased by third-party entities. By
T1584.004,Server,True,resource-development,PRE,"Adversaries may compromise third-party servers that can be used during targeting. Use of servers allows an adversary to stage, launch, and execute an operation. During post-compromise activity, adversaries may utilize servers for various tasks, including for Command and Control.("
T1584.005,Botnet,True,resource-development,PRE,Adversaries may compromise numerous third-party systems to form a botnet that can be used during targeting. A botnet is a network of compromised systems that can be instructed to perform coordinated tasks.(Citation: Norton Botnet) Instead of purchasing/renting a botnet from a boo
T1584.006,Web Services,True,resource-development,PRE,"Adversaries may compromise access to third-party web services that can be used during targeting. A variety of popular websites exist for legitimate users to register for web-based services, such as GitHub, Twitter, Dropbox, Google, SendGrid, etc. Adversaries may try to take owner"
T1584.007,Serverless,True,resource-development,PRE,"Adversaries may compromise serverless cloud infrastructure, such as Cloudflare Workers, AWS Lambda functions, or Google Apps Scripts, that can be used during targeting. By utilizing serverless infrastructure, adversaries can make it more difficult to attribute infrastructure used"
T1584.008,Network Devices,True,resource-development,PRE,"Adversaries may compromise third-party network devices that can be used during targeting. Network devices, such as small office/home office (SOHO) routers, may be compromised where the adversary's ultimate goal is not [Initial Access](https://attack.mitre.org/tactics/TA0001) to t"
T1585,Establish Accounts,False,resource-development,PRE,"Adversaries may create and cultivate accounts with services that can be used during targeting. Adversaries can create accounts that can be used to build a persona to further operations. Persona development consists of the development of public information, presence, history and a"
T1585.001,Social Media Accounts,True,resource-development,PRE,"Adversaries may create and cultivate social media accounts that can be used during targeting. Adversaries can create social media accounts that can be used to build a persona to further operations. Persona development consists of the development of public information, presence, h"
T1585.002,Email Accounts,True,resource-development,PRE,"Adversaries may create email accounts that can be used during targeting. Adversaries can use accounts created with email providers to further their operations, such as leveraging them to conduct [Phishing for Information](https://attack.mitre.org/techniques/T1598) or [Phishing](h"
T1585.003,Cloud Accounts,True,resource-development,PRE,"Adversaries may create accounts with cloud providers that can be used during targeting. Adversaries can use cloud accounts to further their operations, including leveraging cloud storage services such as Dropbox, MEGA, Microsoft OneDrive, or AWS S3 buckets for [Exfiltration to Cl"
T1586,Compromise Accounts,False,resource-development,PRE,"Adversaries may compromise accounts with services that can be used during targeting. For operations incorporating social engineering, the utilization of an online persona may be important. Rather than creating and cultivating accounts (i.e. [Establish Accounts](https://attack.mit"
T1586.001,Social Media Accounts,True,resource-development,PRE,"Adversaries may compromise social media accounts that can be used during targeting. For operations incorporating social engineering, the utilization of an online persona may be important. Rather than creating and cultivating social media profiles (i.e. [Social Media Accounts](htt"
T1586.002,Email Accounts,True,resource-development,PRE,"Adversaries may compromise email accounts that can be used during targeting. Adversaries can use compromised email accounts to further their operations, such as leveraging them to conduct [Phishing for Information](https://attack.mitre.org/techniques/T1598), [Phishing](https://at"
T1586.003,Cloud Accounts,True,resource-development,PRE,"Adversaries may compromise cloud accounts that can be used during targeting. Adversaries can use compromised cloud accounts to further their operations, including leveraging cloud storage services such as Dropbox, Microsoft OneDrive, or AWS S3 buckets for [Exfiltration to Cloud S"
T1587,Develop Capabilities,False,resource-development,PRE,"Adversaries may build capabilities that can be used during targeting. Rather than purchasing, freely downloading, or stealing capabilities, adversaries may develop their own capabilities in-house. This is the process of identifying development requirements and building solutions "
T1587.001,Malware,True,resource-development,PRE,"Adversaries may develop malware and malware components that can be used during targeting. Building malicious software can include the development of payloads, droppers, post-compromise tools, backdoors (including backdoored images), packers, C2 protocols, and the creation of infe"
T1587.002,Code Signing Certificates,True,resource-development,PRE,Adversaries may create self-signed code signing certificates that can be used during targeting. Code signing is the process of digitally signing executables and scripts to confirm the software author and guarantee that the code has not been altered or corrupted. Code signing prov
T1587.003,Digital Certificates,True,resource-development,PRE,"Adversaries may create self-signed SSL/TLS certificates that can be used during targeting. SSL/TLS certificates are designed to instill trust. They include information about the key, information about its owner's identity, and the digital signature of an entity that has verified "
T1587.004,Exploits,True,resource-development,PRE,Adversaries may develop exploits that can be used during targeting. An exploit takes advantage of a bug or vulnerability in order to cause unintended or unanticipated behavior to occur on computer hardware or software. Rather than finding/modifying exploits from online or purchas
T1588,Obtain Capabilities,False,resource-development,PRE,"Adversaries may buy and/or steal capabilities that can be used during targeting. Rather than developing their own capabilities in-house, adversaries may purchase, freely download, or steal them. Activities may include the acquisition of malware, software (including licenses), exp"
T1588.001,Malware,True,resource-development,PRE,"Adversaries may buy, steal, or download malware that can be used during targeting. Malicious software can include payloads, droppers, post-compromise tools, backdoors, packers, and C2 protocols. Adversaries may acquire malware to support their operations, obtaining a means for ma"
T1588.002,Tool,True,resource-development,PRE,"Adversaries may buy, steal, or download software tools that can be used during targeting. Tools can be open or closed source, free or commercial. A tool can be used for malicious purposes by an adversary, but (unlike malware) were not intended to be used for those purposes (ex: ["
T1588.003,Code Signing Certificates,True,resource-development,PRE,Adversaries may buy and/or steal code signing certificates that can be used during targeting. Code signing is the process of digitally signing executables and scripts to confirm the software author and guarantee that the code has not been altered or corrupted. Code signing provid
T1588.004,Digital Certificates,True,resource-development,PRE,"Adversaries may buy and/or steal SSL/TLS certificates that can be used during targeting. SSL/TLS certificates are designed to instill trust. They include information about the key, information about its owner's identity, and the digital signature of an entity that has verified th"
T1588.005,Exploits,True,resource-development,PRE,"Adversaries may buy, steal, or download exploits that can be used during targeting. An exploit takes advantage of a bug or vulnerability in order to cause unintended or unanticipated behavior to occur on computer hardware or software. Rather than developing their own exploits, an"
T1588.006,Vulnerabilities,True,resource-development,PRE,"Adversaries may acquire information about vulnerabilities that can be used during targeting. A vulnerability is a weakness in computer hardware or software that can, potentially, be exploited by an adversary to cause unintended or unanticipated behavior to occur. Adversaries may "
T1588.007,Artificial Intelligence,True,resource-development,PRE,"Adversaries may obtain access to generative artificial intelligence tools, such as large language models (LLMs), to aid various techniques during targeting. These tools may be used to inform, bolster, and enable a variety of malicious tasks, including conducting [Reconnaissance]("
T1589,Gather Victim Identity Information,False,reconnaissance,PRE,"Adversaries may gather information about the victim's identity that can be used during targeting. Information about identities may include a variety of details, including personal data (ex: employee names, email addresses, security question responses, etc.) as well as sensitive d"
T1589.001,Credentials,True,reconnaissance,PRE,Adversaries may gather credentials that can be used during targeting. Account credentials gathered by adversaries may be those directly associated with the target victim organization or attempt to take advantage of the tendency for users to use the same passwords across personal 
T1589.002,Email Addresses,True,reconnaissance,PRE,"Adversaries may gather email addresses that can be used during targeting. Even if internal instances exist, organizations may have public-facing email infrastructure and addresses for employees."
T1589.003,Employee Names,True,reconnaissance,PRE,Adversaries may gather employee names that can be used during targeting. Employee names be used to derive email addresses as well as to help guide other reconnaissance efforts and/or craft more-believable lures.
T1590,Gather Victim Network Information,False,reconnaissance,PRE,"Adversaries may gather information about the victim's networks that can be used during targeting. Information about networks may include a variety of details, including administrative data (ex: IP ranges, domain names, etc.) as well as specifics regarding its topology and operati"
T1590.001,Domain Properties,True,reconnaissance,PRE,"Adversaries may gather information about the victim's network domain(s) that can be used during targeting. Information about domains and their properties may include a variety of details, including what domain(s) the victim owns as well as administrative data (ex: name, registrar"
T1590.002,DNS,True,reconnaissance,PRE,"Adversaries may gather information about the victim's DNS that can be used during targeting. DNS information may include a variety of details, including registered name servers as well as records that outline addressing for a target’s subdomains, mail servers, and other hosts. DN"
T1590.003,Network Trust Dependencies,True,reconnaissance,PRE,"Adversaries may gather information about the victim's network trust dependencies that can be used during targeting. Information about network trusts may include a variety of details, including second or third-party organizations/domains (ex: managed service providers, contractors"
T1590.004,Network Topology,True,reconnaissance,PRE,"Adversaries may gather information about the victim's network topology that can be used during targeting. Information about network topologies may include a variety of details, including the physical and/or logical arrangement of both external-facing and internal network environm"
T1590.005,IP Addresses,True,reconnaissance,PRE,"Adversaries may gather the victim's IP addresses that can be used during targeting. Public IP addresses may be allocated to organizations by block, or a range of sequential addresses. Information about assigned IP addresses may include a variety of details, such as which IP addre"
T1590.006,Network Security Appliances,True,reconnaissance,PRE,"Adversaries may gather information about the victim's network security appliances that can be used during targeting. Information about network security appliances may include a variety of details, such as the existence and specifics of deployed firewalls, content filters, and pro"
T1591,Gather Victim Org Information,False,reconnaissance,PRE,"Adversaries may gather information about the victim's organization that can be used during targeting. Information about an organization may include a variety of details, including the names of divisions/departments, specifics of business operations, as well as the roles and respo"
T1591.001,Determine Physical Locations,True,reconnaissance,PRE,"Adversaries may gather the victim's physical location(s) that can be used during targeting. Information about physical locations of a target organization may include a variety of details, including where key resources and infrastructure are housed. Physical locations may also ind"
T1591.002,Business Relationships,True,reconnaissance,PRE,"Adversaries may gather information about the victim's business relationships that can be used during targeting. Information about an organization’s business relationships may include a variety of details, including second or third-party organizations/domains (ex: managed service "
T1591.003,Identify Business Tempo,True,reconnaissance,PRE,"Adversaries may gather information about the victim's business tempo that can be used during targeting. Information about an organization’s business tempo may include a variety of details, including operational hours/days of the week. This information may also reveal times/dates "
T1591.004,Identify Roles,True,reconnaissance,PRE,"Adversaries may gather information about identities and roles within the victim organization that can be used during targeting. Information about business roles may reveal a variety of targetable details, including identifiable information for key personnel as well as what data/r"
T1592,Gather Victim Host Information,False,reconnaissance,PRE,"Adversaries may gather information about the victim's hosts that can be used during targeting. Information about hosts may include a variety of details, including administrative data (ex: name, assigned IP, functionality, etc.) as well as specifics regarding its configuration (ex"
T1592.001,Hardware,True,reconnaissance,PRE,"Adversaries may gather information about the victim's host hardware that can be used during targeting. Information about hardware infrastructure may include a variety of details such as types and versions on specific hosts, as well as the presence of additional components that mi"
T1592.002,Software,True,reconnaissance,PRE,"Adversaries may gather information about the victim's host software that can be used during targeting. Information about installed software may include a variety of details such as types and versions on specific hosts, as well as the presence of additional components that might b"
T1592.003,Firmware,True,reconnaissance,PRE,"Adversaries may gather information about the victim's host firmware that can be used during targeting. Information about host firmware may include a variety of details such as type and versions on specific hosts, which may be used to infer more information about hosts in the envi"
T1592.004,Client Configurations,True,reconnaissance,PRE,"Adversaries may gather information about the victim's client configurations that can be used during targeting. Information about client configurations may include a variety of details and settings, including operating system/version, virtualization, architecture (ex: 32 or 64 bit"
T1593,Search Open Websites/Domains,False,reconnaissance,PRE,"Adversaries may search freely available websites and/or domains for information about victims that can be used during targeting. Information about victims may be available in various online sites, such as social media, new sites, or those hosting information about business operat"
T1593.001,Social Media,True,reconnaissance,PRE,"Adversaries may search social media for information about victims that can be used during targeting. Social media sites may contain various information about a victim organization, such as business announcements as well as information about the roles, locations, and interests of "
T1593.002,Search Engines,True,reconnaissance,PRE,Adversaries may use search engines to collect information about victims that can be used during targeting. Search engine services typical crawl online sites to index context and may provide users with specialized syntax to search for specific keywords or specific types of content
T1593.003,Code Repositories,True,reconnaissance,PRE,"Adversaries may search public code repositories for information about victims that can be used during targeting. Victims may store code in repositories on various third-party websites such as GitHub, GitLab, SourceForge, and BitBucket. Users typically interact with code repositor"
T1594,Search Victim-Owned Websites,False,reconnaissance,PRE,"Adversaries may search websites owned by the victim for information that can be used during targeting. Victim-owned websites may contain a variety of details, including names of departments/divisions, physical locations, and data about key employees such as names, roles, and cont"
T1595,Active Scanning,False,reconnaissance,PRE,"Adversaries may execute active reconnaissance scans to gather information that can be used during targeting. Active scans are those where the adversary probes victim infrastructure via network traffic, as opposed to other forms of reconnaissance that do not involve direct interac"
T1595.001,Scanning IP Blocks,True,reconnaissance,PRE,"Adversaries may scan victim IP blocks to gather information that can be used during targeting. Public IP addresses may be allocated to organizations by block, or a range of sequential addresses."
T1595.002,Vulnerability Scanning,True,reconnaissance,PRE,Adversaries may scan victims for vulnerabilities that can be used during targeting. Vulnerability scans typically check if the configuration of a target host/application (ex: software and version) potentially aligns with the target of a specific exploit the adversary may seek to 
T1595.003,Wordlist Scanning,True,reconnaissance,PRE,"Adversaries may iteratively probe infrastructure using brute-forcing and crawling techniques. While this technique employs similar methods to [Brute Force](https://attack.mitre.org/techniques/T1110), its goal is the identification of content and infrastructure rather than the dis"
T1596,Search Open Technical Databases,False,reconnaissance,PRE,"Adversaries may search freely available technical databases for information about victims that can be used during targeting. Information about victims may be available in online databases and repositories, such as registrations of domains/certificates as well as public collection"
T1596.001,DNS/Passive DNS,True,reconnaissance,PRE,"Adversaries may search DNS data for information about victims that can be used during targeting. DNS information may include a variety of details, including registered name servers as well as records that outline addressing for a target’s subdomains, mail servers, and other hosts"
T1596.002,WHOIS,True,reconnaissance,PRE,Adversaries may search public WHOIS data for information about victims that can be used during targeting. WHOIS data is stored by regional Internet registries (RIR) responsible for allocating and assigning Internet resources such as domain names. Anyone can query WHOIS servers fo
T1596.003,Digital Certificates,True,reconnaissance,PRE,"Adversaries may search public digital certificate data for information about victims that can be used during targeting. Digital certificates are issued by a certificate authority (CA) in order to cryptographically verify the origin of signed content. These certificates, such as t"
T1596.004,CDNs,True,reconnaissance,PRE,"Adversaries may search content delivery network (CDN) data about victims that can be used during targeting. CDNs allow an organization to host content from a distributed, load balanced array of servers. CDNs may also allow organizations to customize content delivery based on the "
T1596.005,Scan Databases,True,reconnaissance,PRE,"Adversaries may search within public scan databases for information about victims that can be used during targeting. Various online services continuously publish the results of Internet scans/surveys, often harvesting information such as active IP addresses, hostnames, open ports"
T1597,Search Closed Sources,False,reconnaissance,PRE,"Adversaries may search and gather information about victims from closed (e.g., paid, private, or otherwise not freely available) sources that can be used during targeting. Information about victims may be available for purchase from reputable private sources and databases, such a"
T1597.001,Threat Intel Vendors,True,reconnaissance,PRE,Adversaries may search private data from threat intelligence vendors for information that can be used during targeting. Threat intelligence vendors may offer paid feeds or portals that offer more data than what is publicly reported. Although sensitive details (such as customer na
T1597.002,Purchase Technical Data,True,reconnaissance,PRE,"Adversaries may purchase technical information about victims that can be used during targeting. Information about victims may be available for purchase within reputable private sources and databases, such as paid subscriptions to feeds of scan databases or other data aggregation "
T1598,Phishing for Information,False,reconnaissance,PRE,"Adversaries may send phishing messages to elicit sensitive information that can be used during targeting. Phishing for information is an attempt to trick targets into divulging information, frequently credentials or other actionable information. Phishing for information is differ"
T1598.001,Spearphishing Service,True,reconnaissance,PRE,"Adversaries may send spearphishing messages via third-party services to elicit sensitive information that can be used during targeting. Spearphishing for information is an attempt to trick targets into divulging information, frequently credentials or other actionable information."
T1598.002,Spearphishing Attachment,True,reconnaissance,PRE,"Adversaries may send spearphishing messages with a malicious attachment to elicit sensitive information that can be used during targeting. Spearphishing for information is an attempt to trick targets into divulging information, frequently credentials or other actionable informati"
T1598.003,Spearphishing Link,True,reconnaissance,PRE,"Adversaries may send spearphishing messages with a malicious link to elicit sensitive information that can be used during targeting. Spearphishing for information is an attempt to trick targets into divulging information, frequently credentials or other actionable information. Sp"
T1598.004,Spearphishing Voice,True,reconnaissance,PRE,"Adversaries may use voice communications to elicit sensitive information that can be used during targeting. Spearphishing for information is an attempt to trick targets into divulging information, frequently credentials or other actionable information. Spearphishing for informati"
T1599,Network Boundary Bridging,False,defense-impairment,Network Devices,Adversaries may bridge network boundaries by compromising perimeter network devices or internal devices responsible for network segmentation. Breaching these devices may enable an adversary to bypass restrictions on traffic routing that otherwise separate trusted and untrusted ne
T1599.001,Network Address Translation Traversal,True,defense-impairment,Network Devices,Adversaries may bridge network boundaries by modifying a network device’s Network Address Translation (NAT) configuration. Malicious modifications to NAT may enable an adversary to bypass restrictions on traffic routing that otherwise separate trusted and untrusted networks.
T1600,Weaken Encryption,False,defense-impairment,Network Devices,Adversaries may compromise a network device’s encryption capability in order to bypass encryption that would otherwise protect data communications.(Citation: Cisco Synful Knock Evolution)
T1600.001,Reduce Key Space,True,defense-impairment,Network Devices,Adversaries may reduce the level of effort required to decrypt data transmitted over the network by reducing the cipher strength of encrypted communications.(Citation: Cisco Synful Knock Evolution)
T1600.002,Disable Crypto Hardware,True,defense-impairment,Network Devices,"Adversaries disable a network device’s dedicated hardware encryption, which may enable them to leverage weaknesses in software encryption in order to reduce the effort involved in collecting, manipulating, and exfiltrating transmitted data."
T1601,Modify System Image,False,defense-impairment,Network Devices,"Adversaries may make changes to the operating system of embedded network devices to weaken defenses and provide new capabilities for themselves.  On such devices, the operating systems are typically monolithic and most of the device functionality and capabilities are contained wi"
T1601.001,Patch System Image,True,defense-impairment,Network Devices,Adversaries may modify the operating system of a network device to introduce new capabilities or weaken existing defenses.(Citation: Killing the myth of Cisco IOS rootkits) (Citation: Killing IOS diversity myth) (Citation: Cisco IOS Shellcode) (Citation: Cisco IOS Forensics Devel
T1601.002,Downgrade System Image,True,defense-impairment,Network Devices,"Adversaries may install an older version of the operating system of a network device to weaken security.  Older operating system versions on network devices often have weaker encryption ciphers and, in general, fewer/less updated defensive features. (Citation: Cisco Synful Knock "
T1602,Data from Configuration Repository,False,collection,Network Devices,"Adversaries may collect data related to managed devices from configuration repositories. Configuration repositories are used by management systems in order to configure, manage, and control data on remote systems. Configuration repositories may also facilitate remote access and a"
T1602.001,SNMP (MIB Dump),True,collection,Network Devices,Adversaries may target the Management Information Base (MIB) to collect and/or mine valuable information in a network managed using Simple Network Management Protocol (SNMP).
T1602.002,Network Device Configuration Dump,True,collection,Network Devices,Adversaries may access network configuration files to collect sensitive data about the device and the network. The network configuration is a file containing parameters that determine the operation of the device. The device typically stores an in-memory copy of the configuration 
T1606,Forge Web Credentials,False,credential-access,SaaS|Windows|macOS|Linux|IaaS|Office Suite|Identity Provider,"Adversaries may forge credential materials that can be used to gain access to web applications or Internet services. Web applications and services (hosted in cloud SaaS environments or on-premise servers) often use session cookies, tokens, or other materials to authenticate and a"
T1606.001,Web Cookies,True,credential-access,Linux|macOS|Windows|SaaS|IaaS,Adversaries may forge web cookies that can be used to gain access to web applications or Internet services. Web applications and services (hosted in cloud SaaS environments or on-premise servers) often use session cookies to authenticate and authorize user access.
T1606.002,SAML Tokens,True,credential-access,SaaS|Windows|IaaS|Office Suite|Identity Provider,"An adversary may forge SAML tokens with any permissions claims and lifetimes if they possess a valid SAML token-signing certificate.(Citation: Microsoft SolarWinds Steps) The default lifetime of a SAML token is one hour, but the validity period can be specified in the <code>NotOn"
T1608,Stage Capabilities,False,resource-development,PRE,"Adversaries may upload, install, or otherwise set up capabilities that can be used during targeting. To support their operations, an adversary may need to take capabilities they developed ([Develop Capabilities](https://attack.mitre.org/techniques/T1587)) or obtained ([Obtain Cap"
T1608.001,Upload Malware,True,resource-development,PRE,"Adversaries may upload malware to third-party or adversary controlled infrastructure to make it accessible during targeting. Malicious software can include payloads, droppers, post-compromise tools, backdoors, and a variety of other malicious content. Adversaries may upload malwa"
T1608.002,Upload Tool,True,resource-development,PRE,"Adversaries may upload tools to third-party or adversary controlled infrastructure to make it accessible during targeting. Tools can be open or closed source, free or commercial. Tools can be used for malicious purposes by an adversary, but (unlike malware) were not intended to b"
T1608.003,Install Digital Certificate,True,resource-development,PRE,"Adversaries may install SSL/TLS certificates that can be used during targeting. SSL/TLS certificates are files that can be installed on servers to enable secure communications between systems. Digital certificates include information about the key, information about its owner's i"
T1608.004,Drive-by Target,True,resource-development,PRE,"Adversaries may prepare an operational environment to infect systems that visit a website over the normal course of browsing. Endpoint systems may be compromised through browsing to adversary controlled sites, as in [Drive-by Compromise](https://attack.mitre.org/techniques/T1189)"
T1608.005,Link Target,True,resource-development,PRE,"Adversaries may put in place resources that are referenced by a link that can be used during targeting. An adversary may rely upon a user clicking a malicious link in order to divulge information (including credentials) or to gain execution, as in [Malicious Link](https://attack."
T1608.006,SEO Poisoning,True,resource-development,PRE,Adversaries may poison mechanisms that influence search engine optimization (SEO) to further lure staged capabilities towards potential victims. Search engines typically display results to users based on purchased ads as well as the site’s ranking/score/reputation calculated by t
T1609,Container Administration Command,False,execution,Containers,"Adversaries may abuse a container administration service to execute commands within a container. A container administration service such as the Docker daemon, the Kubernetes API server, or the kubelet may allow remote management of containers within an environment.(Citation: Dock"
T1610,Deploy Container,False,execution,Containers,"Adversaries may deploy a container into an environment to facilitate execution or evade defenses. In some cases, adversaries may deploy a new container to execute processes associated with a particular image or deployment, such as processes that execute or download malware. In ot"
T1611,Escape to Host,False,privilege-escalation,Windows|Linux|Containers|ESXi,"Adversaries may break out of a container or virtualized environment to gain access to the underlying host. This can allow an adversary access to other containerized or virtualized resources from the host level or to the host itself. In principle, containerized / virtualized resou"
T1612,Build Image on Host,False,stealth,Containers,"Adversaries may build a container image directly on a host to bypass defenses that monitor for the retrieval of malicious images from a public registry. A remote <code>build</code> request may be sent to the Docker API that includes a Dockerfile that pulls a vanilla base image, s"
T1613,Container and Resource Discovery,False,discovery,Containers,"Adversaries may attempt to discover containers and other resources that are available within a containers environment. Other resources may include images, deployments, pods, nodes, and other information such as the status of a cluster."
T1614,System Location Discovery,False,discovery,IaaS|Linux|macOS|Windows,
T1614.001,System Language Discovery,True,discovery,Linux|macOS|Windows,"Adversaries may attempt to gather information about the system language of a victim in order to infer the geographical location of that host. This information may be used to shape follow-on behaviors, including whether the adversary infects the target and/or attempts specific act"
T1615,Group Policy Discovery,False,discovery,Windows,"Adversaries may gather information on Group Policy settings to identify paths for privilege escalation, security measures applied within a domain, and to discover patterns in domain objects that can be manipulated or used to blend in the environment. Group Policy allows for centr"
T1619,Cloud Storage Object Discovery,False,discovery,IaaS,"Adversaries may enumerate objects in cloud storage infrastructure. Adversaries may use this information during automated discovery to shape follow-on behaviors, including requesting all or specific objects from cloud storage.  Similar to [File and Directory Discovery](https://att"
T1620,Reflective Code Loading,False,stealth,Linux|macOS|Windows,"Adversaries may reflectively load code into a process in order to conceal the execution of malicious payloads. Reflective loading involves allocating then executing payloads directly within the memory of the process, vice creating a thread or process backed by a file path on disk"
T1621,Multi-Factor Authentication Request Generation,False,credential-access,Windows|Linux|macOS|IaaS|SaaS|Office Suite|Identity Provider,Adversaries may attempt to bypass multi-factor authentication (MFA) mechanisms and gain access to accounts by generating MFA requests sent to users.
T1622,Debugger Evasion,False,stealth|discovery,Linux|macOS|Windows,Adversaries may employ various means to detect and avoid debuggers. Debuggers are typically used by defenders to trace and/or analyze the execution of potential malware payloads.(Citation: ProcessHacker Github)
T1647,Plist File Modification,False,defense-impairment,macOS,"Adversaries may modify property list files (plist files) to enable other malicious activity, while also potentially evading and bypassing system defenses. macOS applications use plist files, such as the <code>info.plist</code> file, to store properties and configuration settings "
T1648,Serverless Execution,False,execution,SaaS|IaaS|Office Suite,"Adversaries may abuse serverless computing, integration, and automation services to execute arbitrary code in cloud environments. Many cloud providers offer a variety of serverless resources, including compute engines, application integration services, and web servers. "
T1649,Steal or Forge Authentication Certificates,False,credential-access,Windows|Linux|macOS|Identity Provider,"Adversaries may steal or forge certificates used for authentication to access remote systems or resources. Digital certificates are often used to sign and encrypt messages and/or files. Certificates are also used as authentication material. For example, Entra ID device certificat"
T1650,Acquire Access,False,resource-development,PRE,Adversaries may purchase or otherwise acquire an existing access to a target system or network. A variety of online services and initial access broker networks are available to sell access to previously compromised systems.(Citation: Microsoft Ransomware as a Service)(Citation: C
T1651,Cloud Administration Command,False,execution,IaaS,"Adversaries may abuse cloud management services to execute commands within virtual machines. Resources such as AWS Systems Manager, Azure RunCommand, and Runbooks allow users to remotely run scripts in virtual machines by leveraging installed virtual machine agents. (Citation: AW"
T1652,Device Driver Discovery,False,discovery,Linux|macOS|Windows,"Adversaries may attempt to enumerate local device drivers on a victim host. Information about device drivers may highlight various insights that shape follow-on behaviors, such as the function/purpose of the host, present security tools (i.e. [Security Software Discovery](https:/"
T1653,Power Settings,False,persistence,Windows|Linux|macOS|Network Devices,"Adversaries may impair a system's ability to hibernate, reboot, or shut down in order to extend access to infected machines. When a computer enters a dormant state, some or all software and hardware may cease to operate which can disrupt malicious activity.(Citation: Sleep, shut "
T1654,Log Enumeration,False,discovery,ESXi|IaaS|Linux|macOS|Windows,"Adversaries may enumerate system and service logs to find useful data. These logs may highlight various types of valuable insights for an adversary, such as user authentication records ([Account Discovery](https://attack.mitre.org/techniques/T1087)), security or vulnerable softwa"
T1657,Financial Theft,False,impact,Linux|macOS|Office Suite|SaaS|Windows,"Adversaries may steal monetary resources from targets through extortion, social engineering, technical theft, or other methods aimed at their own financial gain at the expense of the availability of these resources for victims. Financial theft is the ultimate objective of several"
T1659,Content Injection,False,initial-access|command-and-control,Linux|macOS|Windows,"Adversaries may gain access and continuously communicate with victims by injecting malicious content into systems through online network traffic. Rather than luring victims to malicious payloads hosted on a compromised website (i.e., [Drive-by Target](https://attack.mitre.org/tec"
T1665,Hide Infrastructure,False,command-and-control,ESXi|Linux|macOS|Network Devices|Windows,"Adversaries may manipulate network traffic in order to hide and evade detection of their C2 infrastructure. This can be accomplished by identifying and filtering traffic from defensive tools,(Citation: TA571) masking malicious domains to obfuscate the true destination from both a"
T1666,Modify Cloud Resource Hierarchy,False,defense-impairment,IaaS,Adversaries may attempt to modify hierarchical structures in infrastructure-as-a-service (IaaS) environments in order to evade defenses.  
T1667,Email Bombing,False,impact,Linux|Office Suite|Windows|macOS,Adversaries may flood targeted email addresses with an overwhelming volume of messages. This may bury legitimate emails in a flood of spam and disrupt business operations.(Citation: sophos-bombing)(Citation: krebs-email-bombing)
T1668,Exclusive Control,False,persistence,Linux|macOS|Windows,"Adversaries who successfully compromise a system may attempt to maintain persistence by “closing the door” behind them  – in other words, by preventing other threat actors from initially accessing or maintaining a foothold on the same system. "
T1669,Wi-Fi Networks,False,initial-access,Linux|Network Devices|Windows|macOS,Adversaries may gain initial access to target systems by connecting to wireless networks. They may accomplish this by exploiting open Wi-Fi networks used by target devices or by accessing secured Wi-Fi networks — requiring [Valid Accounts](https://attack.mitre.org/techniques/T107
T1671,Cloud Application Integration,False,persistence,Office Suite|SaaS,"Adversaries may achieve persistence by leveraging OAuth application integrations in a software-as-a-service environment. Adversaries may create a custom application, add a legitimate application into the environment, or even co-opt an existing integration to achieve malicious end"
T1673,Virtual Machine Discovery,False,discovery,ESXi|Linux|macOS|Windows,"An adversary may attempt to enumerate running virtual machines (VMs) after gaining access to a host or hypervisor. For example, adversaries may enumerate a list of VMs on an ESXi hypervisor using a [Hypervisor CLI](https://attack.mitre.org/techniques/T1059/012) such as `esxcli` o"
T1674,Input Injection,False,execution,Windows|macOS|Linux,"Adversaries may simulate keystrokes on a victim’s computer by various means to perform any type of action on behalf of the user, such as launching the command interpreter using keyboard shortcuts,  typing an inline script to be executed, or interacting directly with a GUI-based a"
T1675,ESXi Administration Command,False,execution,ESXi,"Adversaries may abuse ESXi administration services to execute commands on guest machines hosted within an ESXi virtual environment. Persistent background services on ESXi-hosted VMs, such as the VMware Tools Daemon Service, allow for remote management from the ESXi server. The to"
T1677,Poisoned Pipeline Execution,False,execution,SaaS,Adversaries may manipulate continuous integration / continuous development (CI/CD) processes by injecting malicious code into the build process. There are several mechanisms for poisoning pipelines: 
T1678,Delay Execution,False,stealth,Linux|macOS|Windows,"Adversaries may employ various time-based methods to evade detection and analysis. These techniques often exploit system clocks, delays, or timing mechanisms to obscure malicious activity, blend in with benign activity, and avoid scrutiny. Adversaries can perform this behavior wi"
T1679,Selective Exclusion,False,stealth,Windows,"Adversaries may intentionally exclude certain files, folders, directories, file types, or system components from encryption or tampering during a ransomware or malicious payload execution. Some file extensions that adversaries may avoid encrypting include `.dll`, `.exe`, and `.ln"
T1680,Local Storage Discovery,False,discovery,ESXi|IaaS|Linux|macOS|Windows,"Adversaries may enumerate local drives, disks, and/or volumes and their attributes like total or free space and volume serial number. This can be done to prepare for ransomware-related encryption, to perform [Lateral Movement](https://attack.mitre.org/tactics/TA0109), or as a pre"
T1681,Search Threat Vendor Data,False,reconnaissance,PRE,"Threat actors may seek information/indicators from closed or open threat intelligence sources gathered about their own campaigns, as well as those conducted by other adversaries that may align with their target industries, capabilities/objectives, or other operational concerns. T"
T1682,Query Public AI Services,False,reconnaissance,PRE,"Adversaries may query publicly accessible artificial intelligence (AI) services, such as large language models (LLMs), to support targeting and operations. In addition to searching websites or databases directly (i.e., [Search Open Websites/Domains](https://attack.mitre.org/techn"
T1683,Generate Content,False,resource-development,PRE,"Adversaries may create or generate content to support targeting and operations. This content may be used to establish personas, impersonate known individuals or organizations, and support [Social Engineering](https://attack.mitre.org/techniques/T1684), fraud, or influence activit"
T1683.001,Written Content,True,resource-development,PRE,"Adversaries may create or tailor written materials to support targeting and malicious operations. Content may include phishing lures, fraudulent financial communications, fabricated job postings, fabricated employment credentials and documentation, decoy documents, social media p"
T1683.002,Audio-Visual Content,True,resource-development,PRE,"Adversaries may create or manipulate audio, image, and video content to support targeting and malicious operations. Adversaries may also use synthetic voice recordings, real-time altered audio or video during live interactions, fabricated profile photos and identity documents, or"
T1684,Social Engineering,False,stealth,Linux|macOS|Office Suite|SaaS|Windows,"Adversaries may use social engineering techniques to influence users to take actions that result in unauthorized access, approval of changes, disclosure of sensitive information, or execution of adversary-supplied instructions (i.e., introduction of malicious payloads or software"
T1684.001,Impersonation,True,stealth,Linux|macOS|Office Suite|SaaS|Windows,"Adversaries may impersonate a trusted person or organization in order to persuade and trick a target into performing some action on their behalf. For example, adversaries may communicate with victims (via [Phishing for Information](https://attack.mitre.org/techniques/T1598), [Phi"
T1684.002,Email Spoofing,True,stealth,Linux|macOS|Office Suite|Windows,"Adversaries may fake, or spoof, a sender’s identity by modifying the value of relevant email headers in order to establish contact with victims under false pretenses.(Citation: Proofpoint TA427 April 2024) In addition to actual email content, email headers (such as the FROM heade"
T1685,Disable or Modify Tools,False,defense-impairment,Containers|ESXi|IaaS|Linux|macOS|Network Devices|Windows,"Adversaries may disable, degrade, or tamper with security tools or applications (e.g., endpoint detection and response (EDR) tools, intrusion detection systems (IDS), antivirus, logging agents, sensors, etc.) to impair or reduce visibility of defensive capabilities. This may incl"
T1685.001,Disable or Modify Windows Event Log,True,defense-impairment,Windows,Adversaries may disable or modify the Windows Event Log to limit data that can be leveraged for detections and audits. Windows Event Log records user and system activity such as login attempts and process creation.(Citation: EventLog_Core_Technologies) This data is used by securi
T1685.002,Disable or Modify Cloud Log,True,defense-impairment,IaaS|SaaS|Identity Provider|Office Suite,An adversary may disable or modify cloud logging capabilities and integrations to limit what data is collected on their activities and avoid detection. Cloud environments allow for collection and analysis of audit and application logs that provide insight into what activities a u
T1685.003,Modify or Spoof Tool UI,True,defense-impairment,Linux|macOS|Windows,Adversaries may spoof or manipulate security tool user interfaces (UIs) to falsely indicate tools are functioning normally and delay detection and response. 
T1685.004,Disable or Modify Linux Audit System Log,True,defense-impairment,Linux,Adversaries may disable or modify the Linux Audit system to hide malicious activity and avoid detection. Linux admins use the Linux Audit system to track security-relevant information on a system. The Linux Audit system operates at the kernel-level and maintains event logs on app
T1685.005,Clear Windows Event Logs,True,defense-impairment,Windows,"Adversaries may clear Windows Event Logs to hide the activity of an intrusion. Windows Event Logs are a record of a computer's alerts and notifications. There are three system-defined sources of events: System, Application, and Security, with five event types: Error, Warning, Inf"
T1685.006,Clear Linux or Mac System Logs,True,defense-impairment,Linux|macOS,Adversaries may clear system logs to hide evidence of an intrusion. macOS and Linux both keep track of system or user-initiated actions via system logs. The majority of native system logging is stored under the `/var/log/` directory. Subfolders in this directory categorize logs b
T1686,Disable or Modify System Firewall,False,defense-impairment,ESXi|Linux|macOS|Network Devices|Windows,"Adversaries may disable or modify host-based or network firewalls to impair defensive mechanisms and enable further action. Once an adversary has gathered sufficient privileges, they can tamper with firewall services, policies, or rule sets to remove restrictions on inbound or ou"
T1686.001,Cloud Firewall,True,defense-impairment,IaaS,Adversaries may disable or modify a firewall within a cloud environment to bypass controls that limit access to cloud resources.
T1686.002,Network Device Firewall,True,defense-impairment,Network Devices,"Adversaries may disable network device-based firewall mechanisms entirely or add, delete, or modify particular rules in order to bypass controls limiting network usage.  "
T1686.003,Windows Host Firewall,True,defense-impairment,Windows,"Adversaries may disable or modify the Windows host firewall to bypass controls limiting network usage. This can include disabling the Windows host firewall entirely, suppressing specific profiles (domain, private, public), or adding, deleting, and modifying firewall rules to allo"
T1687,Exploitation for Defense Impairment,False,defense-impairment,IaaS|Linux|macOS|SaaS|Windows,"Adversaries may exploit vulnerabilities in security software, infrastructure, or defensive components to degrade, disable, or otherwise continue to impair their ability to prevent, detect, or respond to malicious activity. "
T1688,Safe Mode Boot,False,defense-impairment,Windows,Adversaries may abuse Windows safe mode to disable endpoint defenses. Safe mode starts up the Windows operating system with a limited set of drivers and services. Third-party security software such as endpoint detection and response (EDR) tools may not start after booting Windows
T1689,Downgrade Attack,False,defense-impairment,macOS|Windows|Linux,"Adversaries may downgrade or use a version of system features that may be outdated, vulnerable, and/or does not support updated security controls. Downgrade attacks typically take advantage of a system’s backward compatibility to force it into less secure modes of operation."
T1690,Prevent Command History Logging,False,defense-impairment,ESXi|Linux|macOS|Network Devices|Windows,Adversaries may impair command history logging to hide commands they run on a compromised system. Various command interpreters keep track of the commands users type in their terminal so that users can retrace what they have done.
